Workbook
Name Ext: [1]Sheet1!$A$2
Name ExtR: [1]Sheet1!$A$1:$A$3

Sheet S
A1: =[1]Sheet1!A1+1 -> 2 | C1: =[1]Sheet1!A1 -> 1
A2: =SUM([1]Sheet1!A1:A3) -> 6 | C2: =[1]Sheet1!A2 -> 2
A3: =SUM([1]Sheet1!A:A) -> #REF! | C3: =[1]Sheet1!A3 -> 3
A4: =[1]Sheet1!A9 -> #REF!
A5: =[1]Sheet1!A9&"|" -> #REF! | C5: =[1]Sheet1!$A$1 -> 1
A6: =ISBLANK([1]Sheet1!A9) -> FALSE | C6: =[1]Sheet1!$A$1 -> 1
A7: =[1]Sheet1!B1 -> abc
A8: =[1]Sheet1!B2 -> TRUE
A9: =[1]Sheet1!B3 -> #N/A
A10: =IFERROR([1]Sheet1!B4,"e") -> e | D10: =[1]Sheet1!B10 -> #REF!
A11: ='[1]My Sheet'!A1 -> 11
A12: ='[1]Лист 1'!A1 -> 12
A13: =[1]!Rate -> 0.2
A14: =[1]Sheet1!Local -> 7
A15: =[1]!Konst -> #REF!
A16: =Ext*2 -> 4
A17: =INDEX([1]Sheet1!A1:A3,MATCH(3,[1]Sheet1!A1:A3,0)) -> 3
A18: =VLOOKUP(2,[1]Sheet1!A1:B3,2,FALSE) -> TRUE
A19: =SUMIFS([1]Sheet1!A1:A3,[1]Sheet1!D1:D3,"x") -> #VALUE!
A20: =COUNTIF([1]Sheet1!D1:D3,"x") -> #VALUE!
A21: =SUMPRODUCT(([1]Sheet1!D1:D3="x")*[1]Sheet1!A1:A3) -> 4
A22: =INDIRECT("[1]Sheet1!A1") -> #REF!
A23: =OFFSET([1]Sheet1!A1,1,0) -> #VALUE!
A24: =SUM([1]Sheet1!1:1) -> #REF!
A25: =ROWS([1]Sheet1!A1:A3) -> 3
A26: =ROW([1]Sheet1!B5) -> 5
A27: =ISREF([1]Sheet1!A1) -> TRUE
A28: =COUNTA([1]Sheet1!A1:B4) -> 8
A29: =COUNTBLANK([1]Sheet1!A1:A5) -> #VALUE!
A30: =[1]!Bad -> #REF!
A31: =SUM(ExtR) -> 6
A32: =MATCH(20,[1]Sheet1!1:1,0) -> 6
A33: =SUM([1]Sheet1!A1:A3,Local1!A1) -> 1006
A34: =_xlfn.XLOOKUP(2,[1]Sheet1!A:A,[1]Sheet1!B:B) -> TRUE
A35: =AVERAGE([1]Sheet1!A:A) -> #REF!
A36: =SUMIF([1]Sheet1!D1:D3,"x",[1]Sheet1!A1:A3) -> #VALUE!
A37: =INDIRECT("'[Book2.xlsx]Sheet1'!A1") -> #REF!
A38: {=[1]Sheet1!A1:A3*2} -> 2
A39: 4
A40: 6

Sheet Local1
A1: 1000

Sheet WT
A1: {=IF(ISBLANK(S!A1),-5,IF(ISERROR(S!A1),ERROR.TYPE(S!A1),IF(ISNUMBER(S!A1),0,IF(ISLOGICAL(S!A1),IF(S!A1,-1,-2),IF(ISTEXT(S!A1),-3,-4)))))} -> 0
A2: {=IF(ISBLANK(S!A2),-5,IF(ISERROR(S!A2),ERROR.TYPE(S!A2),IF(ISNUMBER(S!A2),0,IF(ISLOGICAL(S!A2),IF(S!A2,-1,-2),IF(ISTEXT(S!A2),-3,-4)))))} -> 0
A3: {=IF(ISBLANK(S!A3),-5,IF(ISERROR(S!A3),ERROR.TYPE(S!A3),IF(ISNUMBER(S!A3),0,IF(ISLOGICAL(S!A3),IF(S!A3,-1,-2),IF(ISTEXT(S!A3),-3,-4)))))} -> 4
A4: {=IF(ISBLANK(S!A4),-5,IF(ISERROR(S!A4),ERROR.TYPE(S!A4),IF(ISNUMBER(S!A4),0,IF(ISLOGICAL(S!A4),IF(S!A4,-1,-2),IF(ISTEXT(S!A4),-3,-4)))))} -> 4
A5: {=IF(ISBLANK(S!A5),-5,IF(ISERROR(S!A5),ERROR.TYPE(S!A5),IF(ISNUMBER(S!A5),0,IF(ISLOGICAL(S!A5),IF(S!A5,-1,-2),IF(ISTEXT(S!A5),-3,-4)))))} -> 4
A6: {=IF(ISBLANK(S!A6),-5,IF(ISERROR(S!A6),ERROR.TYPE(S!A6),IF(ISNUMBER(S!A6),0,IF(ISLOGICAL(S!A6),IF(S!A6,-1,-2),IF(ISTEXT(S!A6),-3,-4)))))} -> -2
A7: {=IF(ISBLANK(S!A7),-5,IF(ISERROR(S!A7),ERROR.TYPE(S!A7),IF(ISNUMBER(S!A7),0,IF(ISLOGICAL(S!A7),IF(S!A7,-1,-2),IF(ISTEXT(S!A7),-3,-4)))))} -> -3
A8: {=IF(ISBLANK(S!A8),-5,IF(ISERROR(S!A8),ERROR.TYPE(S!A8),IF(ISNUMBER(S!A8),0,IF(ISLOGICAL(S!A8),IF(S!A8,-1,-2),IF(ISTEXT(S!A8),-3,-4)))))} -> -1
A9: {=IF(ISBLANK(S!A9),-5,IF(ISERROR(S!A9),ERROR.TYPE(S!A9),IF(ISNUMBER(S!A9),0,IF(ISLOGICAL(S!A9),IF(S!A9,-1,-2),IF(ISTEXT(S!A9),-3,-4)))))} -> 7
A10: {=IF(ISBLANK(S!A10),-5,IF(ISERROR(S!A10),ERROR.TYPE(S!A10),IF(ISNUMBER(S!A10),0,IF(ISLOGICAL(S!A10),IF(S!A10,-1,-2),IF(ISTEXT(S!A10),-3,-4)))))} -> -3
A11: {=IF(ISBLANK(S!A11),-5,IF(ISERROR(S!A11),ERROR.TYPE(S!A11),IF(ISNUMBER(S!A11),0,IF(ISLOGICAL(S!A11),IF(S!A11,-1,-2),IF(ISTEXT(S!A11),-3,-4)))))} -> 0
A12: {=IF(ISBLANK(S!A12),-5,IF(ISERROR(S!A12),ERROR.TYPE(S!A12),IF(ISNUMBER(S!A12),0,IF(ISLOGICAL(S!A12),IF(S!A12,-1,-2),IF(ISTEXT(S!A12),-3,-4)))))} -> 0
... A40: {=IF(ISBLANK(S!A40),-5,IF(ISERROR(S!A40),ERROR.TYPE(S!A40),IF(ISNUMBER(S!A40),0,IF(ISLOGICAL(S!A40),IF(S!A40,-1,-2),IF(ISTEXT(S!A40),-3,-4)))))} -> 0
A41: {=IF(ISBLANK(S!C1),-5,IF(ISERROR(S!C1),ERROR.TYPE(S!C1),IF(ISNUMBER(S!C1),0,IF(ISLOGICAL(S!C1),IF(S!C1,-1,-2),IF(ISTEXT(S!C1),-3,-4)))))} -> 0 | B41: {=IF(ISBLANK(S!D1),-5,IF(ISERROR(S!D1),ERROR.TYPE(S!D1),IF(ISNUMBER(S!D1),0,IF(ISLOGICAL(S!D1),IF(S!D1,-1,-2),IF(ISTEXT(S!D1),-3,-4)))))} -> -5
A42: {=IF(ISBLANK(S!C2),-5,IF(ISERROR(S!C2),ERROR.TYPE(S!C2),IF(ISNUMBER(S!C2),0,IF(ISLOGICAL(S!C2),IF(S!C2,-1,-2),IF(ISTEXT(S!C2),-3,-4)))))} -> 0 | B42: {=IF(ISBLANK(S!D2),-5,IF(ISERROR(S!D2),ERROR.TYPE(S!D2),IF(ISNUMBER(S!D2),0,IF(ISLOGICAL(S!D2),IF(S!D2,-1,-2),IF(ISTEXT(S!D2),-3,-4)))))} -> -5
A43: {=IF(ISBLANK(S!C3),-5,IF(ISERROR(S!C3),ERROR.TYPE(S!C3),IF(ISNUMBER(S!C3),0,IF(ISLOGICAL(S!C3),IF(S!C3,-1,-2),IF(ISTEXT(S!C3),-3,-4)))))} -> 0 | B43: {=IF(ISBLANK(S!D3),-5,IF(ISERROR(S!D3),ERROR.TYPE(S!D3),IF(ISNUMBER(S!D3),0,IF(ISLOGICAL(S!D3),IF(S!D3,-1,-2),IF(ISTEXT(S!D3),-3,-4)))))} -> -5
A44: {=IF(ISBLANK(S!C4),-5,IF(ISERROR(S!C4),ERROR.TYPE(S!C4),IF(ISNUMBER(S!C4),0,IF(ISLOGICAL(S!C4),IF(S!C4,-1,-2),IF(ISTEXT(S!C4),-3,-4)))))} -> -5 | B44: {=IF(ISBLANK(S!D4),-5,IF(ISERROR(S!D4),ERROR.TYPE(S!D4),IF(ISNUMBER(S!D4),0,IF(ISLOGICAL(S!D4),IF(S!D4,-1,-2),IF(ISTEXT(S!D4),-3,-4)))))} -> -5
A45: {=IF(ISBLANK(S!C5),-5,IF(ISERROR(S!C5),ERROR.TYPE(S!C5),IF(ISNUMBER(S!C5),0,IF(ISLOGICAL(S!C5),IF(S!C5,-1,-2),IF(ISTEXT(S!C5),-3,-4)))))} -> 0 | B45: {=IF(ISBLANK(S!D5),-5,IF(ISERROR(S!D5),ERROR.TYPE(S!D5),IF(ISNUMBER(S!D5),0,IF(ISLOGICAL(S!D5),IF(S!D5,-1,-2),IF(ISTEXT(S!D5),-3,-4)))))} -> -5
A46: {=IF(ISBLANK(S!C6),-5,IF(ISERROR(S!C6),ERROR.TYPE(S!C6),IF(ISNUMBER(S!C6),0,IF(ISLOGICAL(S!C6),IF(S!C6,-1,-2),IF(ISTEXT(S!C6),-3,-4)))))} -> 0 | B46: {=IF(ISBLANK(S!D6),-5,IF(ISERROR(S!D6),ERROR.TYPE(S!D6),IF(ISNUMBER(S!D6),0,IF(ISLOGICAL(S!D6),IF(S!D6,-1,-2),IF(ISTEXT(S!D6),-3,-4)))))} -> -5
A47: {=IF(ISBLANK(S!C7),-5,IF(ISERROR(S!C7),ERROR.TYPE(S!C7),IF(ISNUMBER(S!C7),0,IF(ISLOGICAL(S!C7),IF(S!C7,-1,-2),IF(ISTEXT(S!C7),-3,-4)))))} -> -5 | B47: {=IF(ISBLANK(S!D7),-5,IF(ISERROR(S!D7),ERROR.TYPE(S!D7),IF(ISNUMBER(S!D7),0,IF(ISLOGICAL(S!D7),IF(S!D7,-1,-2),IF(ISTEXT(S!D7),-3,-4)))))} -> -5
A48: {=IF(ISBLANK(S!C8),-5,IF(ISERROR(S!C8),ERROR.TYPE(S!C8),IF(ISNUMBER(S!C8),0,IF(ISLOGICAL(S!C8),IF(S!C8,-1,-2),IF(ISTEXT(S!C8),-3,-4)))))} -> -5 | B48: {=IF(ISBLANK(S!D8),-5,IF(ISERROR(S!D8),ERROR.TYPE(S!D8),IF(ISNUMBER(S!D8),0,IF(ISLOGICAL(S!D8),IF(S!D8,-1,-2),IF(ISTEXT(S!D8),-3,-4)))))} -> -5
A49: {=IF(ISBLANK(S!C9),-5,IF(ISERROR(S!C9),ERROR.TYPE(S!C9),IF(ISNUMBER(S!C9),0,IF(ISLOGICAL(S!C9),IF(S!C9,-1,-2),IF(ISTEXT(S!C9),-3,-4)))))} -> -5 | B49: {=IF(ISBLANK(S!D9),-5,IF(ISERROR(S!D9),ERROR.TYPE(S!D9),IF(ISNUMBER(S!D9),0,IF(ISLOGICAL(S!D9),IF(S!D9,-1,-2),IF(ISTEXT(S!D9),-3,-4)))))} -> -5
A50: {=IF(ISBLANK(S!C10),-5,IF(ISERROR(S!C10),ERROR.TYPE(S!C10),IF(ISNUMBER(S!C10),0,IF(ISLOGICAL(S!C10),IF(S!C10,-1,-2),IF(ISTEXT(S!C10),-3,-4)))))} -> -5 | B50: {=IF(ISBLANK(S!D10),-5,IF(ISERROR(S!D10),ERROR.TYPE(S!D10),IF(ISNUMBER(S!D10),0,IF(ISLOGICAL(S!D10),IF(S!D10,-1,-2),IF(ISTEXT(S!D10),-3,-4)))))} -> 4

Sheet WN
A1: {=IF(ISNUMBER(S!A1),S!A1,0)} -> 2
A2: {=IF(ISNUMBER(S!A2),S!A2,0)} -> 6
A3: {=IF(ISNUMBER(S!A3),S!A3,0)} -> 0
A4: {=IF(ISNUMBER(S!A4),S!A4,0)} -> 0
A5: {=IF(ISNUMBER(S!A5),S!A5,0)} -> 0
A6: {=IF(ISNUMBER(S!A6),S!A6,0)} -> 0
A7: {=IF(ISNUMBER(S!A7),S!A7,0)} -> 0
A8: {=IF(ISNUMBER(S!A8),S!A8,0)} -> 0
A9: {=IF(ISNUMBER(S!A9),S!A9,0)} -> 0
A10: {=IF(ISNUMBER(S!A10),S!A10,0)} -> 0
A11: {=IF(ISNUMBER(S!A11),S!A11,0)} -> 11
A12: {=IF(ISNUMBER(S!A12),S!A12,0)} -> 12
... A40: {=IF(ISNUMBER(S!A40),S!A40,0)} -> 6
A41: {=IF(ISNUMBER(S!C1),S!C1,0)} -> 1 | B41: {=IF(ISNUMBER(S!D1),S!D1,0)} -> 0
A42: {=IF(ISNUMBER(S!C2),S!C2,0)} -> 2 | B42: {=IF(ISNUMBER(S!D2),S!D2,0)} -> 0
A43: {=IF(ISNUMBER(S!C3),S!C3,0)} -> 3 | B43: {=IF(ISNUMBER(S!D3),S!D3,0)} -> 0
A44: {=IF(ISNUMBER(S!C4),S!C4,0)} -> 0 | B44: {=IF(ISNUMBER(S!D4),S!D4,0)} -> 0
A45: {=IF(ISNUMBER(S!C5),S!C5,0)} -> 1 | B45: {=IF(ISNUMBER(S!D5),S!D5,0)} -> 0
A46: {=IF(ISNUMBER(S!C6),S!C6,0)} -> 1 | B46: {=IF(ISNUMBER(S!D6),S!D6,0)} -> 0
A47: {=IF(ISNUMBER(S!C7),S!C7,0)} -> 0 | B47: {=IF(ISNUMBER(S!D7),S!D7,0)} -> 0
A48: {=IF(ISNUMBER(S!C8),S!C8,0)} -> 0 | B48: {=IF(ISNUMBER(S!D8),S!D8,0)} -> 0
A49: {=IF(ISNUMBER(S!C9),S!C9,0)} -> 0 | B49: {=IF(ISNUMBER(S!D9),S!D9,0)} -> 0
A50: {=IF(ISNUMBER(S!C10),S!C10,0)} -> 0 | B50: {=IF(ISNUMBER(S!D10),S!D10,0)} -> 0

Sheet WX
A1: {=IF(ISTEXT(S!A1),S!A1,"")}
A2: {=IF(ISTEXT(S!A2),S!A2,"")}
A3: {=IF(ISTEXT(S!A3),S!A3,"")}
A4: {=IF(ISTEXT(S!A4),S!A4,"")}
A5: {=IF(ISTEXT(S!A5),S!A5,"")}
A6: {=IF(ISTEXT(S!A6),S!A6,"")}
A7: {=IF(ISTEXT(S!A7),S!A7,"")} -> abc
A8: {=IF(ISTEXT(S!A8),S!A8,"")}
A9: {=IF(ISTEXT(S!A9),S!A9,"")}
A10: {=IF(ISTEXT(S!A10),S!A10,"")} -> e
A11: {=IF(ISTEXT(S!A11),S!A11,"")}
A12: {=IF(ISTEXT(S!A12),S!A12,"")}
... A40: {=IF(ISTEXT(S!A40),S!A40,"")}
A41: {=IF(ISTEXT(S!C1),S!C1,"")} | B41: {=IF(ISTEXT(S!D1),S!D1,"")}
A42: {=IF(ISTEXT(S!C2),S!C2,"")} | B42: {=IF(ISTEXT(S!D2),S!D2,"")}
A43: {=IF(ISTEXT(S!C3),S!C3,"")} | B43: {=IF(ISTEXT(S!D3),S!D3,"")}
A44: {=IF(ISTEXT(S!C4),S!C4,"")} | B44: {=IF(ISTEXT(S!D4),S!D4,"")}
A45: {=IF(ISTEXT(S!C5),S!C5,"")} | B45: {=IF(ISTEXT(S!D5),S!D5,"")}
A46: {=IF(ISTEXT(S!C6),S!C6,"")} | B46: {=IF(ISTEXT(S!D6),S!D6,"")}
A47: {=IF(ISTEXT(S!C7),S!C7,"")} | B47: {=IF(ISTEXT(S!D7),S!D7,"")}
A48: {=IF(ISTEXT(S!C8),S!C8,"")} | B48: {=IF(ISTEXT(S!D8),S!D8,"")}
A49: {=IF(ISTEXT(S!C9),S!C9,"")} | B49: {=IF(ISTEXT(S!D9),S!D9,"")}
A50: {=IF(ISTEXT(S!C10),S!C10,"")} | B50: {=IF(ISTEXT(S!D10),S!D10,"")}
