Workbook

Sheet S
A4: =[1]Sheet1!A3 -> 3 | B4: =A4 -> 3

Sheet WT
A1: {=IF(ISBLANK(S!A2),-5,IF(ISERROR(S!A2),ERROR.TYPE(S!A2),IF(ISNUMBER(S!A2),0,IF(ISLOGICAL(S!A2),IF(S!A2,-1,-2),IF(ISTEXT(S!A2),-3,-4)))))} -> -5 | B1: {=IF(ISBLANK(S!B2),-5,IF(ISERROR(S!B2),ERROR.TYPE(S!B2),IF(ISNUMBER(S!B2),0,IF(ISLOGICAL(S!B2),IF(S!B2,-1,-2),IF(ISTEXT(S!B2),-3,-4)))))} -> -5
A2: {=IF(ISBLANK(S!A3),-5,IF(ISERROR(S!A3),ERROR.TYPE(S!A3),IF(ISNUMBER(S!A3),0,IF(ISLOGICAL(S!A3),IF(S!A3,-1,-2),IF(ISTEXT(S!A3),-3,-4)))))} -> -5 | B2: {=IF(ISBLANK(S!B3),-5,IF(ISERROR(S!B3),ERROR.TYPE(S!B3),IF(ISNUMBER(S!B3),0,IF(ISLOGICAL(S!B3),IF(S!B3,-1,-2),IF(ISTEXT(S!B3),-3,-4)))))} -> -5
A3: {=IF(ISBLANK(S!A4),-5,IF(ISERROR(S!A4),ERROR.TYPE(S!A4),IF(ISNUMBER(S!A4),0,IF(ISLOGICAL(S!A4),IF(S!A4,-1,-2),IF(ISTEXT(S!A4),-3,-4)))))} -> 0 | B3: {=IF(ISBLANK(S!B4),-5,IF(ISERROR(S!B4),ERROR.TYPE(S!B4),IF(ISNUMBER(S!B4),0,IF(ISLOGICAL(S!B4),IF(S!B4,-1,-2),IF(ISTEXT(S!B4),-3,-4)))))} -> 0
A4: {=IF(ISBLANK(S!A5),-5,IF(ISERROR(S!A5),ERROR.TYPE(S!A5),IF(ISNUMBER(S!A5),0,IF(ISLOGICAL(S!A5),IF(S!A5,-1,-2),IF(ISTEXT(S!A5),-3,-4)))))} -> -5 | B4: {=IF(ISBLANK(S!B5),-5,IF(ISERROR(S!B5),ERROR.TYPE(S!B5),IF(ISNUMBER(S!B5),0,IF(ISLOGICAL(S!B5),IF(S!B5,-1,-2),IF(ISTEXT(S!B5),-3,-4)))))} -> -5
A5: {=IF(ISBLANK(S!A6),-5,IF(ISERROR(S!A6),ERROR.TYPE(S!A6),IF(ISNUMBER(S!A6),0,IF(ISLOGICAL(S!A6),IF(S!A6,-1,-2),IF(ISTEXT(S!A6),-3,-4)))))} -> -5 | B5: {=IF(ISBLANK(S!B6),-5,IF(ISERROR(S!B6),ERROR.TYPE(S!B6),IF(ISNUMBER(S!B6),0,IF(ISLOGICAL(S!B6),IF(S!B6,-1,-2),IF(ISTEXT(S!B6),-3,-4)))))} -> -5

Sheet WN
A1: {=IF(ISNUMBER(S!A2),S!A2,0)} -> 0 | B1: {=IF(ISNUMBER(S!B2),S!B2,0)} -> 0
A2: {=IF(ISNUMBER(S!A3),S!A3,0)} -> 0 | B2: {=IF(ISNUMBER(S!B3),S!B3,0)} -> 0
A3: {=IF(ISNUMBER(S!A4),S!A4,0)} -> 3 | B3: {=IF(ISNUMBER(S!B4),S!B4,0)} -> 3
A4: {=IF(ISNUMBER(S!A5),S!A5,0)} -> 0 | B4: {=IF(ISNUMBER(S!B5),S!B5,0)} -> 0
A5: {=IF(ISNUMBER(S!A6),S!A6,0)} -> 0 | B5: {=IF(ISNUMBER(S!B6),S!B6,0)} -> 0

Sheet WX
A1: {=IF(ISTEXT(S!A2),S!A2,"")} | B1: {=IF(ISTEXT(S!B2),S!B2,"")}
A2: {=IF(ISTEXT(S!A3),S!A3,"")} | B2: {=IF(ISTEXT(S!B3),S!B3,"")}
A3: {=IF(ISTEXT(S!A4),S!A4,"")} | B3: {=IF(ISTEXT(S!B4),S!B4,"")}
A4: {=IF(ISTEXT(S!A5),S!A5,"")} | B4: {=IF(ISTEXT(S!B5),S!B5,"")}
A5: {=IF(ISTEXT(S!A6),S!A6,"")} | B5: {=IF(ISTEXT(S!B6),S!B6,"")}
