Workbook
Name col: S!$B:$B
Name loc: S!$B$3:$B$8
Name rng: S!$A$3:$A$8
Name tloc: S!$A$5:$A$6
Name x: S!$A$5

Sheet S
A1: 1 | B1: 10 | C1: c1 | F1: {=A5} -> 5 | G1: {=SUM(A1:A12)} -> 78 | H1: {=D5} -> 1
A2: 2 | B2: 20 | C2: c2 | D2: 1 | F2: {=$A$5} -> 5 | G2: {=SUM(B2:C9)} -> 440 | H2: {=SUM(C:D)} -> 8
A3: 3 | B3: 30 | C3: c3 | D3: 1 | F3: {=$A5} -> 5 | G3: {=SUMIFS(B:B,A:A,">3")} -> 720 | H3: {=SUM(A30:B31)} -> 100
A4: 4 | B4: 40 | C4: c4 | D4: 1 | F4: {=A$5} -> 5 | G4: {=VLOOKUP(5,A1:B12,2,FALSE)} -> 50 | H4: {=A1048576} -> 0
A5: 5 | B5: 50 | C5: c5 | D5: 1 | F5: {=SUM(A3:A8)} -> 33 | G5: {=A12} -> 12 | H5: {=XFD1} -> 0
A6: 6 | B6: 60 | C6: c6 | D6: 1 | F6: {=SUM($A$3:$A$8)} -> 33 | G6: {=A1} -> 1 | H6: {=SUM($B:$B)} -> 780
A7: 7 | B7: 70 | C7: c7 | D7: 1 | F7: {=SUM(A5:A6)} -> 11 | G7: {=A4+A5+A6} -> 15 | H7: {=SUM($30:$31)} -> 100
A8: 8 | B8: 80 | C8: c8 | D8: 1 | F8: {=SUM(A4:B4)} -> 44 | G8: {=S!A5} -> 5 | H8: {=SUM(B4:C4)} -> 40
A9: 9 | B9: 90 | C9: c9 | D9: 1 | F9: {=SUM(B:B)} -> 780 | G9: {=SUM(S!A3:A8)} -> 33 | H9: {=A6-A5} -> 1
A10: 10 | B10: 100 | C10: c10 | F10: {=SUM(A:B)} -> 958 | G10: {=x} -> 5 | H10: {=IF(A5>0,"pos",C5)} -> pos
A11: 11 | B11: 110 | C11: c11 | F11: {=SUM(30:31)} -> 100 | G11: {=SUM(rng)} -> 33
A12: 12 | B12: 120 | C12: c12 | F12: {=SUM(A5:A1048576)} -> 168 | G12: {=SUM(loc)} -> 330
A30: 100
B31: TRUE

Sheet T
A1: {=S!A5} -> 5 | B1: tee
A2: {=SUM(S!A3:A8)} -> 33
A3: {=SUM(S!$A$3:$A$8)} -> 33
A4: {=SUM(S!B:B)} -> 780
A5: {=SUM(S!30:31)} -> 100
A6: {=S!$A5+S!A$5} -> 10
A7: {=SUM('My Data'!A1:A3)} -> 6
A8: {=A5} -> 100
A9: {=SUM(S!A5:B6)} -> 121
A10: {=x} -> 5
A11: {=SUM(tloc)} -> 11
A12: {=SUM(S!A1:D12)} -> 866

Sheet My Data
A1: 1 | B1: {=SUM(S!A1:A12)} -> 78
A2: 2 | B2: {=S!C5} -> c5
A3: 3
