Workbook

Sheet S
A1: 1 | B1: 10
A2: 2 | B2: 20
A3: 3 | B3: 30
A4: 4 | B4: 40
A5: 5 | B5: 50
A6: 6 | B6: 60
A7: 7 | B7: 70
A8: 8 | B8: 80
A9: 9 | B9: 90
A10: 10 | B10: 100
A11: 11 | B11: 110
A12: 12 | B12: 120
... A14: 14 | B14: 140

Sheet T
A1: {=S!A1} -> 1 | B1: {=SUM(S!A1:A2)} -> 3 | C1: {=SUM(S!A1:A3)} -> 6 | D1: {=SUM(S!A1:A4)} -> 10 | E1: {=SUM(S!A1:A5)} -> 15 | F1: {=SUM(S!A1:A6)} -> 21 | G1: {=SUM(S!A1:A7)} -> 28 | H1: {=SUM(S!A1:A8)} -> 36 | I1: {=SUM(S!A1:A9)} -> 45 | J1: {=SUM(S!A1:A10)} -> 55 | K1: {=SUM(S!A1:A11)} -> 66 | L1: {=SUM(S!A1:A12)} -> 78
B2: {=S!A2} -> 2 | C2: {=SUM(S!A2:A3)} -> 5 | D2: {=SUM(S!A2:A4)} -> 9 | E2: {=SUM(S!A2:A5)} -> 14 | F2: {=SUM(S!A2:A6)} -> 20 | G2: {=SUM(S!A2:A7)} -> 27 | H2: {=SUM(S!A2:A8)} -> 35 | I2: {=SUM(S!A2:A9)} -> 44 | J2: {=SUM(S!A2:A10)} -> 54 | K2: {=SUM(S!A2:A11)} -> 65 | L2: {=SUM(S!A2:A12)} -> 77
C3: {=S!A3} -> 3 | D3: {=SUM(S!A3:A4)} -> 7 | E3: {=SUM(S!A3:A5)} -> 12 | F3: {=SUM(S!A3:A6)} -> 18 | G3: {=SUM(S!A3:A7)} -> 25 | H3: {=SUM(S!A3:A8)} -> 33 | I3: {=SUM(S!A3:A9)} -> 42 | J3: {=SUM(S!A3:A10)} -> 52 | K3: {=SUM(S!A3:A11)} -> 63 | L3: {=SUM(S!A3:A12)} -> 75
D4: {=S!A4} -> 4 | E4: {=SUM(S!A4:A5)} -> 9 | F4: {=SUM(S!A4:A6)} -> 15 | G4: {=SUM(S!A4:A7)} -> 22 | H4: {=SUM(S!A4:A8)} -> 30 | I4: {=SUM(S!A4:A9)} -> 39 | J4: {=SUM(S!A4:A10)} -> 49 | K4: {=SUM(S!A4:A11)} -> 60 | L4: {=SUM(S!A4:A12)} -> 72
E5: {=S!A5} -> 5 | F5: {=SUM(S!A5:A6)} -> 11 | G5: {=SUM(S!A5:A7)} -> 18 | H5: {=SUM(S!A5:A8)} -> 26 | I5: {=SUM(S!A5:A9)} -> 35 | J5: {=SUM(S!A5:A10)} -> 45 | K5: {=SUM(S!A5:A11)} -> 56 | L5: {=SUM(S!A5:A12)} -> 68
F6: {=S!A6} -> 6 | G6: {=SUM(S!A6:A7)} -> 13 | H6: {=SUM(S!A6:A8)} -> 21 | I6: {=SUM(S!A6:A9)} -> 30 | J6: {=SUM(S!A6:A10)} -> 40 | K6: {=SUM(S!A6:A11)} -> 51 | L6: {=SUM(S!A6:A12)} -> 63
G7: {=S!A7} -> 7 | H7: {=SUM(S!A7:A8)} -> 15 | I7: {=SUM(S!A7:A9)} -> 24 | J7: {=SUM(S!A7:A10)} -> 34 | K7: {=SUM(S!A7:A11)} -> 45 | L7: {=SUM(S!A7:A12)} -> 57
H8: {=S!A8} -> 8 | I8: {=SUM(S!A8:A9)} -> 17 | J8: {=SUM(S!A8:A10)} -> 27 | K8: {=SUM(S!A8:A11)} -> 38 | L8: {=SUM(S!A8:A12)} -> 50
I9: {=S!A9} -> 9 | J9: {=SUM(S!A9:A10)} -> 19 | K9: {=SUM(S!A9:A11)} -> 30 | L9: {=SUM(S!A9:A12)} -> 42
J10: {=S!A10} -> 10 | K10: {=SUM(S!A10:A11)} -> 21 | L10: {=SUM(S!A10:A12)} -> 33
K11: {=S!A11} -> 11 | L11: {=SUM(S!A11:A12)} -> 23
L12: {=S!A12} -> 12
A21: {=SUM(S!A1:B1)} -> 11 | B21: {=SUM(S!A1:B2)} -> 33 | C21: {=SUM(S!A1:B3)} -> 66 | D21: {=SUM(S!A1:B4)} -> 110 | E21: {=SUM(S!A1:B5)} -> 165 | F21: {=SUM(S!A1:B6)} -> 231 | G21: {=SUM(S!A1:B7)} -> 308 | H21: {=SUM(S!A1:B8)} -> 396 | I21: {=SUM(S!A1:B9)} -> 495 | J21: {=SUM(S!A1:B10)} -> 605 | K21: {=SUM(S!A1:B11)} -> 726 | L21: {=SUM(S!A1:B12)} -> 858
B22: {=SUM(S!A2:B2)} -> 22 | C22: {=SUM(S!A2:B3)} -> 55 | D22: {=SUM(S!A2:B4)} -> 99 | E22: {=SUM(S!A2:B5)} -> 154 | F22: {=SUM(S!A2:B6)} -> 220 | G22: {=SUM(S!A2:B7)} -> 297 | H22: {=SUM(S!A2:B8)} -> 385 | I22: {=SUM(S!A2:B9)} -> 484 | J22: {=SUM(S!A2:B10)} -> 594 | K22: {=SUM(S!A2:B11)} -> 715 | L22: {=SUM(S!A2:B12)} -> 847
C23: {=SUM(S!A3:B3)} -> 33 | D23: {=SUM(S!A3:B4)} -> 77 | E23: {=SUM(S!A3:B5)} -> 132 | F23: {=SUM(S!A3:B6)} -> 198 | G23: {=SUM(S!A3:B7)} -> 275 | H23: {=SUM(S!A3:B8)} -> 363 | I23: {=SUM(S!A3:B9)} -> 462 | J23: {=SUM(S!A3:B10)} -> 572 | K23: {=SUM(S!A3:B11)} -> 693 | L23: {=SUM(S!A3:B12)} -> 825
D24: {=SUM(S!A4:B4)} -> 44 | E24: {=SUM(S!A4:B5)} -> 99 | F24: {=SUM(S!A4:B6)} -> 165 | G24: {=SUM(S!A4:B7)} -> 242 | H24: {=SUM(S!A4:B8)} -> 330 | I24: {=SUM(S!A4:B9)} -> 429 | J24: {=SUM(S!A4:B10)} -> 539 | K24: {=SUM(S!A4:B11)} -> 660 | L24: {=SUM(S!A4:B12)} -> 792
E25: {=SUM(S!A5:B5)} -> 55 | F25: {=SUM(S!A5:B6)} -> 121 | G25: {=SUM(S!A5:B7)} -> 198 | H25: {=SUM(S!A5:B8)} -> 286 | I25: {=SUM(S!A5:B9)} -> 385 | J25: {=SUM(S!A5:B10)} -> 495 | K25: {=SUM(S!A5:B11)} -> 616 | L25: {=SUM(S!A5:B12)} -> 748
F26: {=SUM(S!A6:B6)} -> 66 | G26: {=SUM(S!A6:B7)} -> 143 | H26: {=SUM(S!A6:B8)} -> 231 | I26: {=SUM(S!A6:B9)} -> 330 | J26: {=SUM(S!A6:B10)} -> 440 | K26: {=SUM(S!A6:B11)} -> 561 | L26: {=SUM(S!A6:B12)} -> 693
G27: {=SUM(S!A7:B7)} -> 77 | H27: {=SUM(S!A7:B8)} -> 165 | I27: {=SUM(S!A7:B9)} -> 264 | J27: {=SUM(S!A7:B10)} -> 374 | K27: {=SUM(S!A7:B11)} -> 495 | L27: {=SUM(S!A7:B12)} -> 627
H28: {=SUM(S!A8:B8)} -> 88 | I28: {=SUM(S!A8:B9)} -> 187 | J28: {=SUM(S!A8:B10)} -> 297 | K28: {=SUM(S!A8:B11)} -> 418 | L28: {=SUM(S!A8:B12)} -> 550
I29: {=SUM(S!A9:B9)} -> 99 | J29: {=SUM(S!A9:B10)} -> 209 | K29: {=SUM(S!A9:B11)} -> 330 | L29: {=SUM(S!A9:B12)} -> 462
J30: {=SUM(S!A10:B10)} -> 110 | K30: {=SUM(S!A10:B11)} -> 231 | L30: {=SUM(S!A10:B12)} -> 363
K31: {=SUM(S!A11:B11)} -> 121 | L31: {=SUM(S!A11:B12)} -> 253
L32: {=SUM(S!A12:B12)} -> 132

Sheet U
