Workbook

Sheet Db
A1: Region | B1: Salesperson | C1: Quarter | D1: Product | E1: Units | F1: Revenue | G1: Date | H1: Contractor | I1: TRUE | J1: 1 | K1: true
A2: East | B2: Alice | C2: Q1 | D2: Widget | E2: 120 | F2: 12000 | G2: 45306 | H2: TRUE | I2: a | K2: b
A3: West | B3: Bob | C3: Q1 | D3: Gadget | E3: 80 | F3: 9600 | G3: 45324 | H3: FALSE | I3: b | J3: b | K3: b
A4: East | B4: Cara | C4: Q2 | D4: Widget | E4: 200 | F4: 20000 | G4: 45392 | H4: TRUE | I4: A | J4: B | K4: a
A5: South | B5: Dan | C5: Q1 | D5: Widget | E5: 150 | F5: 15000 | G5: 45369 | H5: TRUE | I5: A | K5: a
A6: West | B6: Ella | C6: Q2 | D6: Gadget | E6: 50 | F6: 6000 | G6: 45434 | H6: FALSE | I6: a | J6: BB | K6: 12
A7: East | B7: Frank | C7: Q3 | D7: Gizmo | E7: 300 | F7: 30000 | G7: 45481 | H7: TRUE | I7: =NA() -> #N/A | J7: balpha | K7: 1
A8: North | B8: Gina | C8: Q3 | D8: Widget | E8: 100 | F8: 11000 | G8: 45503 | H8: FALSE | I8: b | K8: =NA() -> #N/A
A9: West | B9: Hank | C9: Q3 | D9: Widget | E9: 400 | F9: 38000 | G9: 45515 | H9: FALSE | I9: 23 | K9: b
A10: East | B10: Ivy | C10: Q4 | D10: Gadget | E10: 250 | F10: 24000 | G10: 45571 | H10: TRUE | I10: 455 | J10: 23 | K10: A
A11: South | B11: Jake | C11: Q4 | D11: Widget | E11: 200 | F11: 19800 | G11: 45621 | H11: TRUE | I11: 2 | K11: =1/0 -> #DIV/0!
I23: 29 | J23: 30 | K23: 31 | L23: 32
I24: TRUE | J24: true | K24: 1 | L24: One | M24: TRUE
I25: a | J25: <>a | K25: b | L25: aa | M25: a
M27: 1
M28: b

Sheet D
B1: 4 | C1: 2 | D1: 1 | E1: 1 | F1: Аренда | G1: 1 | H1: 45657 | I1: -10000 | J1: -10000 | L1: 1 | M1: one | N1: 10 | P1: 1 | Q1: 2 | R1: 5 | S1: 6 | U1: Tree | V1: Height | W1: Age | X1: Yield | Y1: Profit | AA1: Tree | AB1: Height | AC1: Tree | AD1: Tree | AE1: Tree | AF1: Tree | AG1: Tree | AH1: 0 | AI1: 0.2 | AK1: 58 | AL1: 35 | AM1: 45.35 | AN1: 47.65 | AP1: 41235 | AQ1: 0.09 | AR1: 1 | AS1: 1 | AT1: 0 | AU1: 39448 | AV1: 4 | AW1: TRUE | AX1: TRUE | AY1: 3 | AZ1: 1 | BA1: 6 | BB1: 33100 | BC1: 11 | BD1: 17 | BE1: 89 | BF1: 1 | BG1: 1 | BH1: a
A2: 2 | B2: 8 | C2: 7 | D2: 2 | E2: 2 | F2: аренда | G2: 2 | H2: 45658 | I2: 3000 | J2: 2750 | L2: 2 | M2: two | N2: 20 | P2: 3 | Q2: 4 | R2: 7 | S2: 8 | U2: Apple | V2: 18 | W2: 20 | X2: 14 | Y2: 105 | AA2: Apple | AB2: >10 | AC2: Pear | AD2: a* | AE2: Cherry | AF2: Plum | AH2: 1 | AI2: 0.3 | AK2: 11 | AL2: 25 | AM2: 17.56 | AN2: 18.44 | AP2: 41247 | AQ2: 0.11 | AR2: -0.5 | AS2: 2 | AT2: 10 | AU2: 39508 | AV2: 5 | AW2: FALSE | AX2: TRUE | AY2: 5 | AZ2: 2 | BA2: 7 | BB2: 47300 | BC2: 12 | BD2: 18 | BE2: 88 | BF2: 2 | BG2: 2
A3: abc | B3: 15 | C3: 11 | D3: abc | E3: =1/0 -> #DIV/0! | F3: Арендй | G3: 4 | H3: 45659 | I3: 4200 | J3: 4250 | L3: 3 | M3: three | N3: 30 | U3: Pear | V3: 12 | W3: 12 | X3: 10 | Y3: 96 | AH3: 2 | AI3: 0.1 | AK3: 10 | AL3: 23 | AM3: 16.09 | AN3: 16.91 | AP3: 41295 | AQ3: 0.1 | AR3: 0.041666667 | AS3: 2 | AT3: 20 | AU3: 39751 | AV3: 8 | AW3: abc | AX3: 1 | AY3: 7 | AZ3: 3 | BB3: 69000 | BC3: 13 | BE3: 92 | BF3: 2 | BG3: 3 | BH3: Б
A4: TRUE | B4: 16 | C4: 19 | D4: TRUE | E4: 4 | F4: Арeнда* | G4: 8 | H4: 45689 | I4: 6800 | J4: 3250 | L4: 5 | M4: five | N4: 50 | P4: 1 | Q4: 2 | R4: 3 | U4: Cherry | V4: 13 | W4: 14 | X4: 9 | Y4: 105 | AH4: 3 | AI4: 0.4 | AP4: 39778 | AR4: -0.0013888889 | AS4: a | AU4: 39859 | AV4: 7 | AY4: 10 | AZ4: 4 | BB4: 102000 | BC4: 14 | BE4: 101 | BF4: 3 | BG4: 4
A5: FALSE | B5: 23 | C5: 21 | E5: 5 | F5: x*y | G5: 16 | H5: 45717 | I5: 1200 | J5: 2750 | L5: 8 | M5: eight | N5: 80 | P5: 4 | Q5: 5 | R5: 6 | U5: Apple | V5: 14 | W5: 15 | X5: 10 | Y5: 75 | AK5: 58 | AL5: 35 | AP5: 39786 | AS5: A | AU5: 39904 | AV5: 11 | AY5: 11 | AZ5: 5 | BB5: 150000 | BC5: 15 | BE5: 94 | BF5: 5 | BG5: 3
A6: 45688 | B6: 42 | C6: 40 | D6: 5 | E6: 6 | F6: Чай | G6: 32 | H6: 45473 | L6: 13 | M6: thirteen | N6: 130 | U6: Pear | V6: 9 | W6: 8 | X6: 8 | Y6: 76.8 | AK6: 11 | AP6: 39834 | AS6: 3 | AV6: 4 | BB6: 220000 | BC6: 16 | BE6: 97 | BF6: 2 | BG6: 2
A7: =1/0 -> #DIV/0! | B7: -3.5 | C7: -1 | D7: FALSE | E7: 7 | F7: Чаи | G7: 64 | H7: 46022 | I7: -10000 | J7: 100 | U7: Apple | V7: 8 | W7: 9 | X7: 6 | Y7: 45 | AK7: TRUE | AL7: 23 | AP7: 38719 | AS7: 1 | AU7: 39508 | AV7: 3 | BE7: 95 | BG7: 1
A8: =NA() -> #N/A | B8: 10.25 | C8: 9 | D8: 3.5 | E8: 8 | I8: 3000 | J8: 200 | L8: 1 | M8: 2 | N8: 3 | O8: 5 | P8: 8 | Q8: 13 | AP8: 38733 | AS8: b | AU8: 39448 | BG8: 2
A9: Привет Мир | I9: 4200 | J9: 300 | L9: one | M9: two | N9: three | O9: five | P9: eight | Q9: thirteen | AK9: 58 | AL9: 35 | AU9: 39751 | BG9: 3
A10: 1.5 | J10: 400 | L10: 10 | M10: 20 | N10: 30 | O10: 50 | P10: 80 | Q10: 130 | AK10: 11 | AL10: =1/0 -> #DIV/0! | AU10: 39859 | BG10: 5
A11: 1,5 | I11: 6800 | J11: 500 | AK11: 10 | AL11: 23 | AU11: 39904 | BG11: 6
A12: 0 | BG12: 1
A13: ="" | I13: -10000
A14: =CHAR(9)&"abc"&CHAR(10) -> abc | I14: 3000
A15: 45688.75 | I15: =NA() -> #N/A
I16: 6800
I17: 1200

Sheet C
A1: {=DSUM(Db!A1:K11,"Revenue",Db!I24:I25)} -> 53000 | B1: =IF(ISERROR(A1),ERROR.TYPE(A1),IF(ISNUMBER(A1),0,IF(ISLOGICAL(A1),IF(A1,-1,-2),IF(ISTEXT(A1),-3,-4)))) -> 0 | C1: =IF(ISNUMBER(A1),A1,0) -> 53000 | D1: =IF(ISTEXT(A1),A1,"") | E1: DSUM#1
A2: {=DSUM(Db!A1:K11,"Revenue",Db!J24:J25)} -> 132400 | B2: =IF(ISERROR(A2),ERROR.TYPE(A2),IF(ISNUMBER(A2),0,IF(ISLOGICAL(A2),IF(A2,-1,-2),IF(ISTEXT(A2),-3,-4)))) -> 0 | C2: =IF(ISNUMBER(A2),A2,0) -> 132400 | D2: =IF(ISTEXT(A2),A2,"") | E2: DSUM#2
A3: {=DMIN(Db!A1:K11,"Revenue",Db!I24:I25)} -> 6000 | B3: =IF(ISERROR(A3),ERROR.TYPE(A3),IF(ISNUMBER(A3),0,IF(ISLOGICAL(A3),IF(A3,-1,-2),IF(ISTEXT(A3),-3,-4)))) -> 0 | C3: =IF(ISNUMBER(A3),A3,0) -> 6000 | D3: =IF(ISTEXT(A3),A3,"") | E3: DMIN#1
A4: {=DMAX(Db!A1:K11,"Revenue",Db!I24:I25)} -> 20000 | B4: =IF(ISERROR(A4),ERROR.TYPE(A4),IF(ISNUMBER(A4),0,IF(ISLOGICAL(A4),IF(A4,-1,-2),IF(ISTEXT(A4),-3,-4)))) -> 0 | C4: =IF(ISNUMBER(A4),A4,0) -> 20000 | D4: =IF(ISTEXT(A4),A4,"") | E4: DMAX#1
A5: {=DAVERAGE(Db!A1:K11,"Revenue",Db!J24:J25)} -> 22066.667 | B5: =IF(ISERROR(A5),ERROR.TYPE(A5),IF(ISNUMBER(A5),0,IF(ISLOGICAL(A5),IF(A5,-1,-2),IF(ISTEXT(A5),-3,-4)))) -> 0 | C5: =IF(ISNUMBER(A5),A5,0) -> 22066.667 | D5: =IF(ISTEXT(A5),A5,"") | E5: DAVERAGE#1
A6: {=DVAR(Db!A1:K11,"Revenue",Db!I24:I25)} -> 34250000 | B6: =IF(ISERROR(A6),ERROR.TYPE(A6),IF(ISNUMBER(A6),0,IF(ISLOGICAL(A6),IF(A6,-1,-2),IF(ISTEXT(A6),-3,-4)))) -> 0 | C6: =IF(ISNUMBER(A6),A6,0) -> 34250000 | D6: =IF(ISTEXT(A6),A6,"") | E6: DVAR#1
A7: {=DSUM(Db!A1:K11,"Revenue",Db!K24:K25)} -> 65600 | B7: =IF(ISERROR(A7),ERROR.TYPE(A7),IF(ISNUMBER(A7),0,IF(ISLOGICAL(A7),IF(A7,-1,-2),IF(ISTEXT(A7),-3,-4)))) -> 0 | C7: =IF(ISNUMBER(A7),A7,0) -> 65600 | D7: =IF(ISTEXT(A7),A7,"") | E7: DSUM#3
A8: {=DSUM(Db!A1:K11,"Revenue",Db!M27:M28)} -> 65600 | B8: =IF(ISERROR(A8),ERROR.TYPE(A8),IF(ISNUMBER(A8),0,IF(ISLOGICAL(A8),IF(A8,-1,-2),IF(ISTEXT(A8),-3,-4)))) -> 0 | C8: =IF(ISNUMBER(A8),A8,0) -> 65600 | D8: =IF(ISTEXT(A8),A8,"") | E8: DSUM#4
A9: {=DSUM(Db!A1:K11,"Revenue",Db!M24:M25)} -> 53000 | B9: =IF(ISERROR(A9),ERROR.TYPE(A9),IF(ISNUMBER(A9),0,IF(ISLOGICAL(A9),IF(A9,-1,-2),IF(ISTEXT(A9),-3,-4)))) -> 0 | C9: =IF(ISNUMBER(A9),A9,0) -> 53000 | D9: =IF(ISTEXT(A9),A9,"") | E9: DSUM#5
A10: {=DCOUNTA(Db!A1:K11,"TRUE",Db!K24:K25)} -> 4 | B10: =IF(ISERROR(A10),ERROR.TYPE(A10),IF(ISNUMBER(A10),0,IF(ISLOGICAL(A10),IF(A10,-1,-2),IF(ISTEXT(A10),-3,-4)))) -> 0 | C10: =IF(ISNUMBER(A10),A10,0) -> 4 | D10: =IF(ISTEXT(A10),A10,"") | E10: DCOUNTA#1
A11: {=DCOUNT(Db!A1:K11,"Units",Db!J24:J25)} -> 6 | B11: =IF(ISERROR(A11),ERROR.TYPE(A11),IF(ISNUMBER(A11),0,IF(ISLOGICAL(A11),IF(A11,-1,-2),IF(ISTEXT(A11),-3,-4)))) -> 0 | C11: =IF(ISNUMBER(A11),A11,0) -> 6 | D11: =IF(ISTEXT(A11),A11,"") | E11: DCOUNT#1
A12: {=DGET(Db!A1:K11,"Salesperson",Db!I24:I25)} -> #NUM! | B12: =IF(ISERROR(A12),ERROR.TYPE(A12),IF(ISNUMBER(A12),0,IF(ISLOGICAL(A12),IF(A12,-1,-2),IF(ISTEXT(A12),-3,-4)))) -> 6 | C12: =IF(ISNUMBER(A12),A12,0) -> 0 | D12: =IF(ISTEXT(A12),A12,"") | E12: DGET#1
A13: {=DCOUNTA(Db!J1:K11,2,Db!I24:I25)} -> 3 | B13: =IF(ISERROR(A13),ERROR.TYPE(A13),IF(ISNUMBER(A13),0,IF(ISLOGICAL(A13),IF(A13,-1,-2),IF(ISTEXT(A13),-3,-4)))) -> 0 | C13: =IF(ISNUMBER(A13),A13,0) -> 3 | D13: =IF(ISTEXT(A13),A13,"") | E13: DCOUNTA#2
A14: {=DSTDEVP(Db!A1:K11,"Revenue",Db!J24:J25)} -> 10029.734 | B14: =IF(ISERROR(A14),ERROR.TYPE(A14),IF(ISNUMBER(A14),0,IF(ISLOGICAL(A14),IF(A14,-1,-2),IF(ISTEXT(A14),-3,-4)))) -> 0 | C14: =IF(ISNUMBER(A14),A14,0) -> 10029.734 | D14: =IF(ISTEXT(A14),A14,"") | E14: DSTDEVP#1
A15: {=DPRODUCT(Db!A1:K11,"Units",Db!I24:I25)} -> 180000000 | B15: =IF(ISERROR(A15),ERROR.TYPE(A15),IF(ISNUMBER(A15),0,IF(ISLOGICAL(A15),IF(A15,-1,-2),IF(ISTEXT(A15),-3,-4)))) -> 0 | C15: =IF(ISNUMBER(A15),A15,0) -> 180000000 | D15: =IF(ISTEXT(A15),A15,"") | E15: DPRODUCT#1
A16: end
