Workbook

Sheet D
B1: 4 | C1: 2 | D1: 1 | E1: 1 | F1: Аренда | G1: 1 | H1: 45657 | I1: -10000 | J1: -10000 | L1: 1 | M1: one | N1: 10 | P1: 1 | Q1: 2 | R1: 5 | S1: 6 | U1: Tree | V1: Height | W1: Age | X1: Yield | Y1: Profit | AA1: Tree | AB1: Height | AC1: Tree | AD1: Tree | AE1: Tree | AF1: Tree | AG1: Tree | AH1: 0 | AI1: 0.2 | AK1: 58 | AL1: 35 | AM1: 45.35 | AN1: 47.65 | AP1: 41235 | AQ1: 0.09 | AR1: 1 | AS1: 1 | AT1: 0 | AU1: 39448 | AV1: 4 | AW1: TRUE | AX1: TRUE | AY1: 3 | AZ1: 1 | BA1: 6 | BB1: 33100 | BC1: 11 | BD1: 17 | BE1: 89 | BF1: 1 | BG1: 1 | BH1: a
A2: 2 | B2: 8 | C2: 7 | D2: 2 | E2: 2 | F2: аренда | G2: 2 | H2: 45658 | I2: 3000 | J2: 2750 | L2: 2 | M2: two | N2: 20 | P2: 3 | Q2: 4 | R2: 7 | S2: 8 | U2: Apple | V2: 18 | W2: 20 | X2: 14 | Y2: 105 | AA2: Apple | AB2: >10 | AC2: Pear | AD2: a* | AE2: Cherry | AF2: Plum | AH2: 1 | AI2: 0.3 | AK2: 11 | AL2: 25 | AM2: 17.56 | AN2: 18.44 | AP2: 41247 | AQ2: 0.11 | AR2: -0.5 | AS2: 2 | AT2: 10 | AU2: 39508 | AV2: 5 | AW2: FALSE | AX2: TRUE | AY2: 5 | AZ2: 2 | BA2: 7 | BB2: 47300 | BC2: 12 | BD2: 18 | BE2: 88 | BF2: 2 | BG2: 2
A3: abc | B3: 15 | C3: 11 | D3: abc | E3: =1/0 -> #DIV/0! | F3: Арендй | G3: 4 | H3: 45659 | I3: 4200 | J3: 4250 | L3: 3 | M3: three | N3: 30 | U3: Pear | V3: 12 | W3: 12 | X3: 10 | Y3: 96 | AH3: 2 | AI3: 0.1 | AK3: 10 | AL3: 23 | AM3: 16.09 | AN3: 16.91 | AP3: 41295 | AQ3: 0.1 | AR3: 0.041666667 | AS3: 2 | AT3: 20 | AU3: 39751 | AV3: 8 | AW3: abc | AX3: 1 | AY3: 7 | AZ3: 3 | BB3: 69000 | BC3: 13 | BE3: 92 | BF3: 2 | BG3: 3 | BH3: Б
A4: TRUE | B4: 16 | C4: 19 | D4: TRUE | E4: 4 | F4: Арeнда* | G4: 8 | H4: 45689 | I4: 6800 | J4: 3250 | L4: 5 | M4: five | N4: 50 | P4: 1 | Q4: 2 | R4: 3 | U4: Cherry | V4: 13 | W4: 14 | X4: 9 | Y4: 105 | AH4: 3 | AI4: 0.4 | AP4: 39778 | AR4: -0.0013888889 | AS4: a | AU4: 39859 | AV4: 7 | AY4: 10 | AZ4: 4 | BB4: 102000 | BC4: 14 | BE4: 101 | BF4: 3 | BG4: 4
A5: FALSE | B5: 23 | C5: 21 | E5: 5 | F5: x*y | G5: 16 | H5: 45717 | I5: 1200 | J5: 2750 | L5: 8 | M5: eight | N5: 80 | P5: 4 | Q5: 5 | R5: 6 | U5: Apple | V5: 14 | W5: 15 | X5: 10 | Y5: 75 | AK5: 58 | AL5: 35 | AP5: 39786 | AS5: A | AU5: 39904 | AV5: 11 | AY5: 11 | AZ5: 5 | BB5: 150000 | BC5: 15 | BE5: 94 | BF5: 5 | BG5: 3
A6: 45688 | B6: 42 | C6: 40 | D6: 5 | E6: 6 | F6: Чай | G6: 32 | H6: 45473 | L6: 13 | M6: thirteen | N6: 130 | U6: Pear | V6: 9 | W6: 8 | X6: 8 | Y6: 76.8 | AK6: 11 | AP6: 39834 | AS6: 3 | AV6: 4 | BB6: 220000 | BC6: 16 | BE6: 97 | BF6: 2 | BG6: 2
A7: =1/0 -> #DIV/0! | B7: -3.5 | C7: -1 | D7: FALSE | E7: 7 | F7: Чаи | G7: 64 | H7: 46022 | I7: -10000 | J7: 100 | U7: Apple | V7: 8 | W7: 9 | X7: 6 | Y7: 45 | AK7: TRUE | AL7: 23 | AP7: 38719 | AS7: 1 | AU7: 39508 | AV7: 3 | BE7: 95 | BG7: 1
A8: =NA() -> #N/A | B8: 10.25 | C8: 9 | D8: 3.5 | E8: 8 | I8: 3000 | J8: 200 | L8: 1 | M8: 2 | N8: 3 | O8: 5 | P8: 8 | Q8: 13 | AP8: 38733 | AS8: b | AU8: 39448 | BG8: 2
A9: Привет Мир | I9: 4200 | J9: 300 | L9: one | M9: two | N9: three | O9: five | P9: eight | Q9: thirteen | AK9: 58 | AL9: 35 | AU9: 39751 | BG9: 3
A10: 1.5 | J10: 400 | L10: 10 | M10: 20 | N10: 30 | O10: 50 | P10: 80 | Q10: 130 | AK10: 11 | AL10: =1/0 -> #DIV/0! | AU10: 39859 | BG10: 5
A11: 1,5 | I11: 6800 | J11: 500 | AK11: 10 | AL11: 23 | AU11: 39904 | BG11: 6
A12: 0 | BG12: 1
A13: ="" | I13: -10000
A14: =CHAR(9)&"abc"&CHAR(10) -> abc | I14: 3000
A15: 45688.75 | I15: =NA() -> #N/A
I16: 6800
I17: 1200

Sheet C
A1: {=_xlfn.LET(_xlpm.x,5,_xlpm.y,_xlpm.x*2,_xlpm.y)} -> 10 | B1: =IF(ISERROR(A1),ERROR.TYPE(A1),IF(ISNUMBER(A1),0,IF(ISLOGICAL(A1),IF(A1,-1,-2),IF(ISTEXT(A1),-3,-4)))) -> 0 | C1: =IF(ISNUMBER(A1),A1,0) -> 10 | D1: =IF(ISTEXT(A1),A1,"") | E1: held#1
A2: {=_xlfn.LET(_xlpm.x,5,_xlpm.y,y,_xlpm.y)} -> #NAME? | B2: =IF(ISERROR(A2),ERROR.TYPE(A2),IF(ISNUMBER(A2),0,IF(ISLOGICAL(A2),IF(A2,-1,-2),IF(ISTEXT(A2),-3,-4)))) -> 5 | C2: =IF(ISNUMBER(A2),A2,0) -> 0 | D2: =IF(ISTEXT(A2),A2,"") | E2: held#2
A3: {=_xlfn.LET(_xlpm.n_1,1,_xlpm.n_2,_xlpm.n_1+1,_xlpm.n_3,_xlpm.n_2+1,_xlpm.n_4,_xlpm.n_3+1,_xlpm.n_5,_xlpm.n_4+1,_xlpm.n_6,_xlpm.n_5+1,_xlpm.n_7,_xlpm.n_6+1,_xlpm.n_8,_xlpm.n_7+1,_xlpm.n_9,_xlpm.n_8+1,_xlpm.n_10,_xlpm.n_9+1,_xlpm.n_11,_xlpm.n_10+1,_xlpm.n_12,_xlpm.n_11+1,_xlpm.n_13,_xlpm.n_12+1,_xlpm.n_14,_xlpm.n_13+1,_xlpm.n_15,_xlpm.n_14+1,_xlpm.n_16,_xlpm.n_15+1,_xlpm.n_17,_xlpm.n_16+1,_xlpm.n_18,_xlpm.n_17+1,_xlpm.n_19,_xlpm.n_18+1,_xlpm.n_20,_xlpm.n_19+1,_xlpm.n_21,_xlpm.n_20+1,_xlpm.n_22,_xlpm.n_21+1,_xlpm.n_23,_xlpm.n_22+1,_xlpm.n_24,_xlpm.n_23+1,_xlpm.n_25,_xlpm.n_24+1,_xlpm.n_26,_xlpm.n_25+1,_xlpm.n_27,_xlpm.n_26+1,_xlpm.n_28,_xlpm.n_27+1,_xlpm.n_29,_xlpm.n_28+1,_xlpm.n_30,_xlpm.n_29+1,_xlpm.n_31,_xlpm.n_30+1,_xlpm.n_32,_xlpm.n_31+1,_xlpm.n_33,_xlpm.n_32+1,_xlpm.n_34,_xlpm.n_33+1,_xlpm.n_35,_xlpm.n_34+1,_xlpm.n_36,_xlpm.n_35+1,_xlpm.n_37,_xlpm.n_36+1,_xlpm.n_38,_xlpm.n_37+1,_xlpm.n_39,_xlpm.n_38+1,_xlpm.n_40,_xlpm.n_39+1,_xlpm.n_41,_xlpm.n_40+1,_xlpm.n_42,_xlpm.n_41+1,_xlpm.n_43,_xlpm.n_42+1,_xlpm.n_44,_xlpm.n_43+1,_xlpm.n_45,_xlpm.n_44+1,_xlpm.n_46,_xlpm.n_45+1,_xlpm.n_47,_xlpm.n_46+1,_xlpm.n_48,_xlpm.n_47+1,_xlpm.n_49,_xlpm.n_48+1,_xlpm.n_50,_xlpm.n_49+1,_xlpm.n_51,_xlpm.n_50+1,_xlpm.n_52,_xlpm.n_51+1,_xlpm.n_53,_xlpm.n_52+1,_xlpm.n_54,_xlpm.n_53+1,_xlpm.n_55,_xlpm.n_54+1,_xlpm.n_56,_xlpm.n_55+1,_xlpm.n_57,_xlpm.n_56+1,_xlpm.n_58,_xlpm.n_57+1,_xlpm.n_59,_xlpm.n_58+1,_xlpm.n_60,_xlpm.n_59+1,_xlpm.n_61,_xlpm.n_60+1,_xlpm.n_62,_xlpm.n_61+1,_xlpm.n_63,_xlpm.n_62+1,_xlpm.n_64,_xlpm.n_63+1,_xlpm.n_65,_xlpm.n_64+1,_xlpm.n_66,_xlpm.n_65+1,_xlpm.n_67,_xlpm.n_66+1,_xlpm.n_68,_xlpm.n_67+1,_xlpm.n_69,_xlpm.n_68+1,_xlpm.n_70,_xlpm.n_69+1,_xlpm.n_71,_xlpm.n_70+1,_xlpm.n_72,_xlpm.n_71+1,_xlpm.n_73,_xlpm.n_72+1,_xlpm.n_74,_xlpm.n_73+1,_xlpm.n_75,_xlpm.n_74+1,_xlpm.n_76,_xlpm.n_75+1,_xlpm.n_77,_xlpm.n_76+1,_xlpm.n_78,_xlpm.n_77+1,_xlpm.n_79,_xlpm.n_78+1,_xlpm.n_80,_xlpm.n_79+1,_xlpm.n_81,_xlpm.n_80+1,_xlpm.n_82,_xlpm.n_81+1,_xlpm.n_83,_xlpm.n_82+1,_xlpm.n_84,_xlpm.n_83+1,_xlpm.n_85,_xlpm.n_84+1,_xlpm.n_86,_xlpm.n_85+1,_xlpm.n_87,_xlpm.n_86+1,_xlpm.n_88,_xlpm.n_87+1,_xlpm.n_89,_xlpm.n_88+1,_xlpm.n_90,_xlpm.n_89+1,_xlpm.n_91,_xlpm.n_90+1,_xlpm.n_92,_xlpm.n_91+1,_xlpm.n_93,_xlpm.n_92+1,_xlpm.n_94,_xlpm.n_93+1,_xlpm.n_95,_xlpm.n_94+1,_xlpm.n_96,_xlpm.n_95+1,_xlpm.n_97,_xlpm.n_96+1,_xlpm.n_98,_xlpm.n_97+1,_xlpm.n_99,_xlpm.n_98+1,_xlpm.n_100,_xlpm.n_99+1,_xlpm.n_101,_xlpm.n_100+1,_xlpm.n_102,_xlpm.n_101+1,_xlpm.n_103,_xlpm.n_102+1,_xlpm.n_104,_xlpm.n_103+1,_xlpm.n_105,_xlpm.n_104+1,_xlpm.n_106,_xlpm.n_105+1,_xlpm.n_107,_xlpm.n_106+1,_xlpm.n_108,_xlpm.n_107+1,_xlpm.n_109,_xlpm.n_108+1,_xlpm.n_110,_xlpm.n_109+1,_xlpm.n_111,_xlpm.n_110+1,_xlpm.n_112,_xlpm.n_111+1,_xlpm.n_113,_xlpm.n_112+1,_xlpm.n_114,_xlpm.n_113+1,_xlpm.n_115,_xlpm.n_114+1,_xlpm.n_116,_xlpm.n_115+1,_xlpm.n_117,_xlpm.n_116+1,_xlpm.n_118,_xlpm.n_117+1,_xlpm.n_119,_xlpm.n_118+1,_xlpm.n_120,_xlpm.n_119+1,_xlpm.n_121,_xlpm.n_120+1,_xlpm.n_122,_xlpm.n_121+1,_xlpm.n_123,_xlpm.n_122+1,_xlpm.n_124,_xlpm.n_123+1,_xlpm.n_125,_xlpm.n_124+1,_xlpm.n_126,_xlpm.n_125+1,_xlpm.n_127,_xlpm.n_126+1,_xlpm.n_127)} -> 127 | B3: =IF(ISERROR(A3),ERROR.TYPE(A3),IF(ISNUMBER(A3),0,IF(ISLOGICAL(A3),IF(A3,-1,-2),IF(ISTEXT(A3),-3,-4)))) -> 0 | C3: =IF(ISNUMBER(A3),A3,0) -> 127 | D3: =IF(ISTEXT(A3),A3,"") | E3: held#5
A4: {=_xlfn.LET(_xlpm.x,,ISBLANK(_xlpm.x))} -> TRUE | B4: =IF(ISERROR(A4),ERROR.TYPE(A4),IF(ISNUMBER(A4),0,IF(ISLOGICAL(A4),IF(A4,-1,-2),IF(ISTEXT(A4),-3,-4)))) -> -1 | C4: =IF(ISNUMBER(A4),A4,0) -> 0 | D4: =IF(ISTEXT(A4),A4,"") | E4: held#6
A5: {=_xlfn.LET(_xlpm.x,,_xlpm.x&"")} | B5: =IF(ISERROR(A5),ERROR.TYPE(A5),IF(ISNUMBER(A5),0,IF(ISLOGICAL(A5),IF(A5,-1,-2),IF(ISTEXT(A5),-3,-4)))) -> -3 | C5: =IF(ISNUMBER(A5),A5,0) -> 0 | D5: =IF(ISTEXT(A5),A5,"") | E5: held#7
A6: {=_xlfn.LET(_xlpm.x,,TYPE(_xlpm.x))} -> 1 | B6: =IF(ISERROR(A6),ERROR.TYPE(A6),IF(ISNUMBER(A6),0,IF(ISLOGICAL(A6),IF(A6,-1,-2),IF(ISTEXT(A6),-3,-4)))) -> 0 | C6: =IF(ISNUMBER(A6),A6,0) -> 1 | D6: =IF(ISTEXT(A6),A6,"") | E6: held#8
A7: {=_xlfn.LET(_xlpm.r,D!B1:B8,INDEX(_xlpm.r,3))} -> 15 | B7: =IF(ISERROR(A7),ERROR.TYPE(A7),IF(ISNUMBER(A7),0,IF(ISLOGICAL(A7),IF(A7,-1,-2),IF(ISTEXT(A7),-3,-4)))) -> 0 | C7: =IF(ISNUMBER(A7),A7,0) -> 15 | D7: =IF(ISTEXT(A7),A7,"") | E7: held#9
A8: {=_xlfn.LET(_xlpm.r,D!B1:C8,SUM(INDEX(_xlpm.r,0,2)))} -> 108 | B8: =IF(ISERROR(A8),ERROR.TYPE(A8),IF(ISNUMBER(A8),0,IF(ISLOGICAL(A8),IF(A8,-1,-2),IF(ISTEXT(A8),-3,-4)))) -> 0 | C8: =IF(ISNUMBER(A8),A8,0) -> 108 | D8: =IF(ISTEXT(A8),A8,"") | E8: held#10
A9: {=_xlfn.LET(_xlpm.a,D!B1:B3,_xlpm.b,_xlpm.a*2,SUM(_xlpm.b))} -> 54 | B9: =IF(ISERROR(A9),ERROR.TYPE(A9),IF(ISNUMBER(A9),0,IF(ISLOGICAL(A9),IF(A9,-1,-2),IF(ISTEXT(A9),-3,-4)))) -> 0 | C9: =IF(ISNUMBER(A9),A9,0) -> 54 | D9: =IF(ISTEXT(A9),A9,"") | E9: held#11
A10: {=_xlfn.LET(_xlpm.x,D!B1:B8,COUNTIF(_xlpm.x,">10"))} -> 5 | B10: =IF(ISERROR(A10),ERROR.TYPE(A10),IF(ISNUMBER(A10),0,IF(ISLOGICAL(A10),IF(A10,-1,-2),IF(ISTEXT(A10),-3,-4)))) -> 0 | C10: =IF(ISNUMBER(A10),A10,0) -> 5 | D10: =IF(ISTEXT(A10),A10,"") | E10: held#12
A11: {=_xlfn.LET(_xlpm.t,"abc",LEN(_xlpm.t)&UPPER(_xlpm.t))} -> 3ABC | B11: =IF(ISERROR(A11),ERROR.TYPE(A11),IF(ISNUMBER(A11),0,IF(ISLOGICAL(A11),IF(A11,-1,-2),IF(ISTEXT(A11),-3,-4)))) -> -3 | C11: =IF(ISNUMBER(A11),A11,0) -> 0 | D11: =IF(ISTEXT(A11),A11,"") -> 3ABC | E11: held#13
A12: {=_xlfn.LET(_xlpm.x,2,_xlpm.y,3,_xlfn.LET(_xlpm.x,_xlpm.y,_xlpm.z,_xlpm.x*10,_xlpm.z+_xlpm.x))} -> 33 | B12: =IF(ISERROR(A12),ERROR.TYPE(A12),IF(ISNUMBER(A12),0,IF(ISLOGICAL(A12),IF(A12,-1,-2),IF(ISTEXT(A12),-3,-4)))) -> 0 | C12: =IF(ISNUMBER(A12),A12,0) -> 33 | D12: =IF(ISTEXT(A12),A12,"") | E12: held#14
A13: {=_xlfn.LET(_xlpm.v,D!A2,_xlpm.v*1)} -> 2 | B13: =IF(ISERROR(A13),ERROR.TYPE(A13),IF(ISNUMBER(A13),0,IF(ISLOGICAL(A13),IF(A13,-1,-2),IF(ISTEXT(A13),-3,-4)))) -> 0 | C13: =IF(ISNUMBER(A13),A13,0) -> 2 | D13: =IF(ISTEXT(A13),A13,"") | E13: held#15
A14: {=_xlfn.LET(_xlpm.v,D!A2,COUNT(_xlpm.v))} -> 0 | B14: =IF(ISERROR(A14),ERROR.TYPE(A14),IF(ISNUMBER(A14),0,IF(ISLOGICAL(A14),IF(A14,-1,-2),IF(ISTEXT(A14),-3,-4)))) -> 0 | C14: =IF(ISNUMBER(A14),A14,0) -> 0 | D14: =IF(ISTEXT(A14),A14,"") | E14: held#16
A15: {=_xlfn.LET(_xlpm.v,D!A2,COUNTA(_xlpm.v))} -> 1 | B15: =IF(ISERROR(A15),ERROR.TYPE(A15),IF(ISNUMBER(A15),0,IF(ISLOGICAL(A15),IF(A15,-1,-2),IF(ISTEXT(A15),-3,-4)))) -> 0 | C15: =IF(ISNUMBER(A15),A15,0) -> 1 | D15: =IF(ISTEXT(A15),A15,"") | E15: held#17
A16: {=_xlfn.LET(_xlpm.v,{1,2;3,4},ROWS(_xlpm.v)*10+COLUMNS(_xlpm.v))} -> 22 | B16: =IF(ISERROR(A16),ERROR.TYPE(A16),IF(ISNUMBER(A16),0,IF(ISLOGICAL(A16),IF(A16,-1,-2),IF(ISTEXT(A16),-3,-4)))) -> 0 | C16: =IF(ISNUMBER(A16),A16,0) -> 22 | D16: =IF(ISTEXT(A16),A16,"") | E16: held#18
A17: {=_xlfn.LET(_xlpm.v,{1,2;3,4},INDEX(_xlpm.v,2,1))} -> 3 | B17: =IF(ISERROR(A17),ERROR.TYPE(A17),IF(ISNUMBER(A17),0,IF(ISLOGICAL(A17),IF(A17,-1,-2),IF(ISTEXT(A17),-3,-4)))) -> 0 | C17: =IF(ISNUMBER(A17),A17,0) -> 3 | D17: =IF(ISTEXT(A17),A17,"") | E17: held#19
A18: {=_xlfn.LET(_xlpm.x,TODAY(),_xlpm.x-_xlpm.x)} -> 0 | B18: =IF(ISERROR(A18),ERROR.TYPE(A18),IF(ISNUMBER(A18),0,IF(ISLOGICAL(A18),IF(A18,-1,-2),IF(ISTEXT(A18),-3,-4)))) -> 0 | C18: =IF(ISNUMBER(A18),A18,0) -> 0 | D18: =IF(ISTEXT(A18),A18,"") | E18: held#20
A19: {=_xlfn.LET(_xlpm.x,NA(),ISNA(_xlpm.x))} -> TRUE | B19: =IF(ISERROR(A19),ERROR.TYPE(A19),IF(ISNUMBER(A19),0,IF(ISLOGICAL(A19),IF(A19,-1,-2),IF(ISTEXT(A19),-3,-4)))) -> -1 | C19: =IF(ISNUMBER(A19),A19,0) -> 0 | D19: =IF(ISTEXT(A19),A19,"") | E19: held#21
A20: {=_xlfn.LET(_xlpm.x,1/0,_xlpm.y,_xlpm.x,1)} -> 1 | B20: =IF(ISERROR(A20),ERROR.TYPE(A20),IF(ISNUMBER(A20),0,IF(ISLOGICAL(A20),IF(A20,-1,-2),IF(ISTEXT(A20),-3,-4)))) -> 0 | C20: =IF(ISNUMBER(A20),A20,0) -> 1 | D20: =IF(ISTEXT(A20),A20,"") | E20: held#22
A21: {=_xlfn.LET(_xlpm.x,D!A7,IFERROR(_xlpm.x,"e"))} -> e | B21: =IF(ISERROR(A21),ERROR.TYPE(A21),IF(ISNUMBER(A21),0,IF(ISLOGICAL(A21),IF(A21,-1,-2),IF(ISTEXT(A21),-3,-4)))) -> -3 | C21: =IF(ISNUMBER(A21),A21,0) -> 0 | D21: =IF(ISTEXT(A21),A21,"") -> e | E21: held#23
A22: {=_xlfn.LET(_xlpm.f,SUM(D!B1:B8),_xlpm.f/COUNT(D!B1:B8))} -> 14.34375 | B22: =IF(ISERROR(A22),ERROR.TYPE(A22),IF(ISNUMBER(A22),0,IF(ISLOGICAL(A22),IF(A22,-1,-2),IF(ISTEXT(A22),-3,-4)))) -> 0 | C22: =IF(ISNUMBER(A22),A22,0) -> 14.34375 | D22: =IF(ISTEXT(A22),A22,"") | E22: held#24
A23: {=SUM(_xlfn.LET(_xlpm.x,{1,2,3},_xlpm.x*_xlpm.x))} -> 14 | B23: =IF(ISERROR(A23),ERROR.TYPE(A23),IF(ISNUMBER(A23),0,IF(ISLOGICAL(A23),IF(A23,-1,-2),IF(ISTEXT(A23),-3,-4)))) -> 0 | C23: =IF(ISNUMBER(A23),A23,0) -> 14 | D23: =IF(ISTEXT(A23),A23,"") | E23: held#25
A24: {=_xlfn.LET(_xlpm.x,{1,2,3},SUM(_xlpm.x*_xlpm.x))} -> 14 | B24: =IF(ISERROR(A24),ERROR.TYPE(A24),IF(ISNUMBER(A24),0,IF(ISLOGICAL(A24),IF(A24,-1,-2),IF(ISTEXT(A24),-3,-4)))) -> 0 | C24: =IF(ISNUMBER(A24),A24,0) -> 14 | D24: =IF(ISTEXT(A24),A24,"") | E24: held#26
A25: {=_xlfn.LET(_xlpm.x,1,_xlpm.y,_xlpm.x+1,_xlpm.z,_xlpm.y+1,_xlpm.x*100+_xlpm.y*10+_xlpm.z)} -> 123 | B25: =IF(ISERROR(A25),ERROR.TYPE(A25),IF(ISNUMBER(A25),0,IF(ISLOGICAL(A25),IF(A25,-1,-2),IF(ISTEXT(A25),-3,-4)))) -> 0 | C25: =IF(ISNUMBER(A25),A25,0) -> 123 | D25: =IF(ISTEXT(A25),A25,"") | E25: held#27
A26: {=IF(_xlfn.LET(_xlpm.x,TRUE,_xlpm.x),"y","n")} -> y | B26: =IF(ISERROR(A26),ERROR.TYPE(A26),IF(ISNUMBER(A26),0,IF(ISLOGICAL(A26),IF(A26,-1,-2),IF(ISTEXT(A26),-3,-4)))) -> -3 | C26: =IF(ISNUMBER(A26),A26,0) -> 0 | D26: =IF(ISTEXT(A26),A26,"") -> y | E26: held#28
A27: {=_xlfn.LET(_xlpm._,5,_xlpm._*2)} -> 10 | B27: =IF(ISERROR(A27),ERROR.TYPE(A27),IF(ISNUMBER(A27),0,IF(ISLOGICAL(A27),IF(A27,-1,-2),IF(ISTEXT(A27),-3,-4)))) -> 0 | C27: =IF(ISNUMBER(A27),A27,0) -> 10 | D27: =IF(ISTEXT(A27),A27,"") | E27: held#29
A28: {=_xlfn.LET(_xlpm.x,"5",_xlpm.x+1)} -> 6 | B28: =IF(ISERROR(A28),ERROR.TYPE(A28),IF(ISNUMBER(A28),0,IF(ISLOGICAL(A28),IF(A28,-1,-2),IF(ISTEXT(A28),-3,-4)))) -> 0 | C28: =IF(ISNUMBER(A28),A28,0) -> 6 | D28: =IF(ISTEXT(A28),A28,"") | E28: held#30
A29: {=_xlfn.LET(_xlpm.x,D!K1,_xlpm.x+1)} -> 1 | B29: =IF(ISERROR(A29),ERROR.TYPE(A29),IF(ISNUMBER(A29),0,IF(ISLOGICAL(A29),IF(A29,-1,-2),IF(ISTEXT(A29),-3,-4)))) -> 0 | C29: =IF(ISNUMBER(A29),A29,0) -> 1 | D29: =IF(ISTEXT(A29),A29,"") | E29: held#31
A30: {=_xlfn.LET(_xlpm.x,D!K1,ISBLANK(_xlpm.x))} -> TRUE | B30: =IF(ISERROR(A30),ERROR.TYPE(A30),IF(ISNUMBER(A30),0,IF(ISLOGICAL(A30),IF(A30,-1,-2),IF(ISTEXT(A30),-3,-4)))) -> -1 | C30: =IF(ISNUMBER(A30),A30,0) -> 0 | D30: =IF(ISTEXT(A30),A30,"") | E30: held#32
A31: {=ROWS(_xlfn.LET(_xlpm.x,D!B1:C8,_xlpm.y,INDEX(_xlpm.x,0,1),_xlpm.y))} -> 8 | B31: =IF(ISERROR(A31),ERROR.TYPE(A31),IF(ISNUMBER(A31),0,IF(ISLOGICAL(A31),IF(A31,-1,-2),IF(ISTEXT(A31),-3,-4)))) -> 0 | C31: =IF(ISNUMBER(A31),A31,0) -> 8 | D31: =IF(ISTEXT(A31),A31,"") | E31: held#33
A32: {=_xlfn.LET(_xlpm.x,5,_xlpm.y,_xlpm.x*2,_xlpm.y)+1} -> 11 | B32: =IF(ISERROR(A32),ERROR.TYPE(A32),IF(ISNUMBER(A32),0,IF(ISLOGICAL(A32),IF(A32,-1,-2),IF(ISTEXT(A32),-3,-4)))) -> 0 | C32: =IF(ISNUMBER(A32),A32,0) -> 11 | D32: =IF(ISTEXT(A32),A32,"") | E32: held#34
A33: {=_xlfn.LET(_xlpm.x,D!B1:B8,_xlpm.y,SUM(_xlpm.x),_xlpm.y)} -> 114.75 | B33: =IF(ISERROR(A33),ERROR.TYPE(A33),IF(ISNUMBER(A33),0,IF(ISLOGICAL(A33),IF(A33,-1,-2),IF(ISTEXT(A33),-3,-4)))) -> 0 | C33: =IF(ISNUMBER(A33),A33,0) -> 114.75 | D33: =IF(ISTEXT(A33),A33,"") | E33: held#35
A34: end
