Workbook

Sheet D
B1: 4 | C1: 2 | D1: 1 | E1: 1 | F1: Аренда | G1: 1 | H1: 45657 | I1: -10000 | J1: -10000 | L1: 1 | M1: one | N1: 10 | P1: 1 | Q1: 2 | R1: 5 | S1: 6 | U1: Tree | V1: Height | W1: Age | X1: Yield | Y1: Profit | AA1: Tree | AB1: Height | AC1: Tree | AD1: Tree | AE1: Tree | AF1: Tree | AG1: Tree | AH1: 0 | AI1: 0.2 | AK1: 58 | AL1: 35 | AM1: 45.35 | AN1: 47.65 | AP1: 41235 | AQ1: 0.09 | AR1: 1 | AS1: 1 | AT1: 0 | AU1: 39448 | AV1: 4 | AW1: TRUE | AX1: TRUE | AY1: 3 | AZ1: 1 | BA1: 6 | BB1: 33100 | BC1: 11 | BD1: 17 | BE1: 89 | BF1: 1 | BG1: 1 | BH1: a
A2: 2 | B2: 8 | C2: 7 | D2: 2 | E2: 2 | F2: аренда | G2: 2 | H2: 45658 | I2: 3000 | J2: 2750 | L2: 2 | M2: two | N2: 20 | P2: 3 | Q2: 4 | R2: 7 | S2: 8 | U2: Apple | V2: 18 | W2: 20 | X2: 14 | Y2: 105 | AA2: Apple | AB2: >10 | AC2: Pear | AD2: a* | AE2: Cherry | AF2: Plum | AH2: 1 | AI2: 0.3 | AK2: 11 | AL2: 25 | AM2: 17.56 | AN2: 18.44 | AP2: 41247 | AQ2: 0.11 | AR2: -0.5 | AS2: 2 | AT2: 10 | AU2: 39508 | AV2: 5 | AW2: FALSE | AX2: TRUE | AY2: 5 | AZ2: 2 | BA2: 7 | BB2: 47300 | BC2: 12 | BD2: 18 | BE2: 88 | BF2: 2 | BG2: 2
A3: abc | B3: 15 | C3: 11 | D3: abc | E3: =1/0 -> #DIV/0! | F3: Арендй | G3: 4 | H3: 45659 | I3: 4200 | J3: 4250 | L3: 3 | M3: three | N3: 30 | U3: Pear | V3: 12 | W3: 12 | X3: 10 | Y3: 96 | AH3: 2 | AI3: 0.1 | AK3: 10 | AL3: 23 | AM3: 16.09 | AN3: 16.91 | AP3: 41295 | AQ3: 0.1 | AR3: 0.041666667 | AS3: 2 | AT3: 20 | AU3: 39751 | AV3: 8 | AW3: abc | AX3: 1 | AY3: 7 | AZ3: 3 | BB3: 69000 | BC3: 13 | BE3: 92 | BF3: 2 | BG3: 3 | BH3: Б
A4: TRUE | B4: 16 | C4: 19 | D4: TRUE | E4: 4 | F4: Арeнда* | G4: 8 | H4: 45689 | I4: 6800 | J4: 3250 | L4: 5 | M4: five | N4: 50 | P4: 1 | Q4: 2 | R4: 3 | U4: Cherry | V4: 13 | W4: 14 | X4: 9 | Y4: 105 | AH4: 3 | AI4: 0.4 | AP4: 39778 | AR4: -0.0013888889 | AS4: a | AU4: 39859 | AV4: 7 | AY4: 10 | AZ4: 4 | BB4: 102000 | BC4: 14 | BE4: 101 | BF4: 3 | BG4: 4
A5: FALSE | B5: 23 | C5: 21 | E5: 5 | F5: x*y | G5: 16 | H5: 45717 | I5: 1200 | J5: 2750 | L5: 8 | M5: eight | N5: 80 | P5: 4 | Q5: 5 | R5: 6 | U5: Apple | V5: 14 | W5: 15 | X5: 10 | Y5: 75 | AK5: 58 | AL5: 35 | AP5: 39786 | AS5: A | AU5: 39904 | AV5: 11 | AY5: 11 | AZ5: 5 | BB5: 150000 | BC5: 15 | BE5: 94 | BF5: 5 | BG5: 3
A6: 45688 | B6: 42 | C6: 40 | D6: 5 | E6: 6 | F6: Чай | G6: 32 | H6: 45473 | L6: 13 | M6: thirteen | N6: 130 | U6: Pear | V6: 9 | W6: 8 | X6: 8 | Y6: 76.8 | AK6: 11 | AP6: 39834 | AS6: 3 | AV6: 4 | BB6: 220000 | BC6: 16 | BE6: 97 | BF6: 2 | BG6: 2
A7: =1/0 -> #DIV/0! | B7: -3.5 | C7: -1 | D7: FALSE | E7: 7 | F7: Чаи | G7: 64 | H7: 46022 | I7: -10000 | J7: 100 | U7: Apple | V7: 8 | W7: 9 | X7: 6 | Y7: 45 | AK7: TRUE | AL7: 23 | AP7: 38719 | AS7: 1 | AU7: 39508 | AV7: 3 | BE7: 95 | BG7: 1
A8: =NA() -> #N/A | B8: 10.25 | C8: 9 | D8: 3.5 | E8: 8 | I8: 3000 | J8: 200 | L8: 1 | M8: 2 | N8: 3 | O8: 5 | P8: 8 | Q8: 13 | AP8: 38733 | AS8: b | AU8: 39448 | BG8: 2
A9: Привет Мир | I9: 4200 | J9: 300 | L9: one | M9: two | N9: three | O9: five | P9: eight | Q9: thirteen | AK9: 58 | AL9: 35 | AU9: 39751 | BG9: 3
A10: 1.5 | J10: 400 | L10: 10 | M10: 20 | N10: 30 | O10: 50 | P10: 80 | Q10: 130 | AK10: 11 | AL10: =1/0 -> #DIV/0! | AU10: 39859 | BG10: 5
A11: 1,5 | I11: 6800 | J11: 500 | AK11: 10 | AL11: 23 | AU11: 39904 | BG11: 6
A12: 0 | BG12: 1
A13: ="" | I13: -10000
A14: =CHAR(9)&"abc"&CHAR(10) -> abc | I14: 3000
A15: 45688.75 | I15: =NA() -> #N/A
I16: 6800
I17: 1200

Sheet C
A1: {=_xlfn.LET(_xlpm.x,1,_xlpm.x+1)} -> 2 | B1: =IF(ISERROR(A1),ERROR.TYPE(A1),IF(ISNUMBER(A1),0,IF(ISLOGICAL(A1),IF(A1,-1,-2),IF(ISTEXT(A1),-3,-4)))) -> 0 | C1: =IF(ISNUMBER(A1),A1,0) -> 2 | D1: =IF(ISTEXT(A1),A1,"") | E1: let:value#1
A2: {=_xlfn.LET(_xlpm.x,2,_xlpm.y,3,_xlpm.x*_xlpm.y)} -> 6 | B2: =IF(ISERROR(A2),ERROR.TYPE(A2),IF(ISNUMBER(A2),0,IF(ISLOGICAL(A2),IF(A2,-1,-2),IF(ISTEXT(A2),-3,-4)))) -> 0 | C2: =IF(ISNUMBER(A2),A2,0) -> 6 | D2: =IF(ISTEXT(A2),A2,"") | E2: let:value#2
A3: {=_xlfn.LET(_xlpm.x,1,_xlpm.y,_xlpm.x+1,_xlpm.z,_xlpm.y*10,_xlpm.z+_xlpm.x)} -> 21 | B3: =IF(ISERROR(A3),ERROR.TYPE(A3),IF(ISNUMBER(A3),0,IF(ISLOGICAL(A3),IF(A3,-1,-2),IF(ISTEXT(A3),-3,-4)))) -> 0 | C3: =IF(ISNUMBER(A3),A3,0) -> 21 | D3: =IF(ISTEXT(A3),A3,"") | E3: let:value#3
A4: {=_xlfn.LET(_xlpm.x,"a",_xlpm.x&"b")} -> ab | B4: =IF(ISERROR(A4),ERROR.TYPE(A4),IF(ISNUMBER(A4),0,IF(ISLOGICAL(A4),IF(A4,-1,-2),IF(ISTEXT(A4),-3,-4)))) -> -3 | C4: =IF(ISNUMBER(A4),A4,0) -> 0 | D4: =IF(ISTEXT(A4),A4,"") -> ab | E4: let:value#4
A5: {=_xlfn.LET(_xlpm.x,TRUE,NOT(_xlpm.x))} -> FALSE | B5: =IF(ISERROR(A5),ERROR.TYPE(A5),IF(ISNUMBER(A5),0,IF(ISLOGICAL(A5),IF(A5,-1,-2),IF(ISTEXT(A5),-3,-4)))) -> -2 | C5: =IF(ISNUMBER(A5),A5,0) -> 0 | D5: =IF(ISTEXT(A5),A5,"") | E5: let:value#5
A6: {=_xlfn.LET(_xlpm.x,D!B2,_xlpm.x*2)} -> 16 | B6: =IF(ISERROR(A6),ERROR.TYPE(A6),IF(ISNUMBER(A6),0,IF(ISLOGICAL(A6),IF(A6,-1,-2),IF(ISTEXT(A6),-3,-4)))) -> 0 | C6: =IF(ISNUMBER(A6),A6,0) -> 16 | D6: =IF(ISTEXT(A6),A6,"") | E6: let:value#6
A7: {=_xlfn.LET(_xlpm.x,5,_xlpm.x%)} -> 0.05 | B7: =IF(ISERROR(A7),ERROR.TYPE(A7),IF(ISNUMBER(A7),0,IF(ISLOGICAL(A7),IF(A7,-1,-2),IF(ISTEXT(A7),-3,-4)))) -> 0 | C7: =IF(ISNUMBER(A7),A7,0) -> 0.05 | D7: =IF(ISTEXT(A7),A7,"") | E7: let:value#7
A8: {=_xlfn.LET(_xlpm.x,-2,-_xlpm.x^2)} -> 4 | B8: =IF(ISERROR(A8),ERROR.TYPE(A8),IF(ISNUMBER(A8),0,IF(ISLOGICAL(A8),IF(A8,-1,-2),IF(ISTEXT(A8),-3,-4)))) -> 0 | C8: =IF(ISNUMBER(A8),A8,0) -> 4 | D8: =IF(ISTEXT(A8),A8,"") | E8: let:value#8
A9: {=_xlfn.LET(_xlpm.x,1,_xlpm.y,2,_xlpm.x)} -> 1 | B9: =IF(ISERROR(A9),ERROR.TYPE(A9),IF(ISNUMBER(A9),0,IF(ISLOGICAL(A9),IF(A9,-1,-2),IF(ISTEXT(A9),-3,-4)))) -> 0 | C9: =IF(ISNUMBER(A9),A9,0) -> 1 | D9: =IF(ISTEXT(A9),A9,"") | E9: let:value#9
A10: {=_xlfn.LET(_xlpm.a,{1,2,3},SUM(_xlpm.a))} -> 6 | B10: =IF(ISERROR(A10),ERROR.TYPE(A10),IF(ISNUMBER(A10),0,IF(ISLOGICAL(A10),IF(A10,-1,-2),IF(ISTEXT(A10),-3,-4)))) -> 0 | C10: =IF(ISNUMBER(A10),A10,0) -> 6 | D10: =IF(ISTEXT(A10),A10,"") | E10: let:array#1
A11: {=_xlfn.LET(_xlpm.a,{1,2,3},_xlpm.a*2)} -> #VALUE! | B11: =IF(ISERROR(A11),ERROR.TYPE(A11),IF(ISNUMBER(A11),0,IF(ISLOGICAL(A11),IF(A11,-1,-2),IF(ISTEXT(A11),-3,-4)))) -> 9 | C11: =IF(ISNUMBER(A11),A11,0) -> 0 | D11: =IF(ISTEXT(A11),A11,"") | E11: let:array#2
A12: {=_xlfn.LET(_xlpm.a,{1,2,3},INDEX(_xlpm.a,2))} -> 2 | B12: =IF(ISERROR(A12),ERROR.TYPE(A12),IF(ISNUMBER(A12),0,IF(ISLOGICAL(A12),IF(A12,-1,-2),IF(ISTEXT(A12),-3,-4)))) -> 0 | C12: =IF(ISNUMBER(A12),A12,0) -> 2 | D12: =IF(ISTEXT(A12),A12,"") | E12: let:array#3
A13: {=_xlfn.LET(_xlpm.a,{1},TYPE(_xlpm.a))} -> 64 | B13: =IF(ISERROR(A13),ERROR.TYPE(A13),IF(ISNUMBER(A13),0,IF(ISLOGICAL(A13),IF(A13,-1,-2),IF(ISTEXT(A13),-3,-4)))) -> 0 | C13: =IF(ISNUMBER(A13),A13,0) -> 64 | D13: =IF(ISTEXT(A13),A13,"") | E13: let:array#4
A14: {=TYPE(_xlfn.LET(_xlpm.a,{1},_xlpm.a))} -> 64 | B14: =IF(ISERROR(A14),ERROR.TYPE(A14),IF(ISNUMBER(A14),0,IF(ISLOGICAL(A14),IF(A14,-1,-2),IF(ISTEXT(A14),-3,-4)))) -> 0 | C14: =IF(ISNUMBER(A14),A14,0) -> 64 | D14: =IF(ISTEXT(A14),A14,"") | E14: let:array#5
A15: {=_xlfn.LET(_xlpm.x,_xlfn.SEQUENCE(3),ROWS(_xlpm.x))} -> 3 | B15: =IF(ISERROR(A15),ERROR.TYPE(A15),IF(ISNUMBER(A15),0,IF(ISLOGICAL(A15),IF(A15,-1,-2),IF(ISTEXT(A15),-3,-4)))) -> 0 | C15: =IF(ISNUMBER(A15),A15,0) -> 3 | D15: =IF(ISTEXT(A15),A15,"") | E15: let:array#6
A16: {=_xlfn.LET(_xlpm.x,_xlfn.SEQUENCE(3),_xlpm.x)} -> #VALUE! | B16: =IF(ISERROR(A16),ERROR.TYPE(A16),IF(ISNUMBER(A16),0,IF(ISLOGICAL(A16),IF(A16,-1,-2),IF(ISTEXT(A16),-3,-4)))) -> 9 | C16: =IF(ISNUMBER(A16),A16,0) -> 0 | D16: =IF(ISTEXT(A16),A16,"") | E16: let:array#7
A17: {=_xlfn.LET(_xlpm.c,{TRUE,FALSE},SUM(IF(_xlpm.c,1,2)))} -> 3 | B17: =IF(ISERROR(A17),ERROR.TYPE(A17),IF(ISNUMBER(A17),0,IF(ISLOGICAL(A17),IF(A17,-1,-2),IF(ISTEXT(A17),-3,-4)))) -> 0 | C17: =IF(ISNUMBER(A17),A17,0) -> 3 | D17: =IF(ISTEXT(A17),A17,"") | E17: let:array#8
A18: {=_xlfn.LET(_xlpm.x,D!B1:B8,SUM(_xlpm.x*2))} -> 229.5 | B18: =IF(ISERROR(A18),ERROR.TYPE(A18),IF(ISNUMBER(A18),0,IF(ISLOGICAL(A18),IF(A18,-1,-2),IF(ISTEXT(A18),-3,-4)))) -> 0 | C18: =IF(ISNUMBER(A18),A18,0) -> 229.5 | D18: =IF(ISTEXT(A18),A18,"") | E18: let:array#9
A19: {=SUM(_xlfn.LET(_xlpm.x,D!B1:B8,_xlpm.x*2))} -> 229.5 | B19: =IF(ISERROR(A19),ERROR.TYPE(A19),IF(ISNUMBER(A19),0,IF(ISLOGICAL(A19),IF(A19,-1,-2),IF(ISTEXT(A19),-3,-4)))) -> 0 | C19: =IF(ISNUMBER(A19),A19,0) -> 229.5 | D19: =IF(ISTEXT(A19),A19,"") | E19: let:array#10
A20: {=_xlfn.LET(_xlpm.r,D!B1:B8,ROWS(_xlpm.r))} -> 8 | B20: =IF(ISERROR(A20),ERROR.TYPE(A20),IF(ISNUMBER(A20),0,IF(ISLOGICAL(A20),IF(A20,-1,-2),IF(ISTEXT(A20),-3,-4)))) -> 0 | C20: =IF(ISNUMBER(A20),A20,0) -> 8 | D20: =IF(ISTEXT(A20),A20,"") | E20: let:ref#1
A21: {=_xlfn.LET(_xlpm.r,D!D1:D8,SUM(_xlpm.r))} -> 9.5 | B21: =IF(ISERROR(A21),ERROR.TYPE(A21),IF(ISNUMBER(A21),0,IF(ISLOGICAL(A21),IF(A21,-1,-2),IF(ISTEXT(A21),-3,-4)))) -> 0 | C21: =IF(ISNUMBER(A21),A21,0) -> 9.5 | D21: =IF(ISTEXT(A21),A21,"") | E21: let:ref#2
A22: {=_xlfn.LET(_xlpm.r,D!A2,SUM(_xlpm.r))} -> 0 | B22: =IF(ISERROR(A22),ERROR.TYPE(A22),IF(ISNUMBER(A22),0,IF(ISLOGICAL(A22),IF(A22,-1,-2),IF(ISTEXT(A22),-3,-4)))) -> 0 | C22: =IF(ISNUMBER(A22),A22,0) -> 0 | D22: =IF(ISTEXT(A22),A22,"") | E22: let:ref#3
A23: {=_xlfn.LET(_xlpm.r,D!A2,_xlpm.r+1)} -> 3 | B23: =IF(ISERROR(A23),ERROR.TYPE(A23),IF(ISNUMBER(A23),0,IF(ISLOGICAL(A23),IF(A23,-1,-2),IF(ISTEXT(A23),-3,-4)))) -> 0 | C23: =IF(ISNUMBER(A23),A23,0) -> 3 | D23: =IF(ISTEXT(A23),A23,"") | E23: let:ref#4
A24: {=_xlfn.LET(_xlpm.r,D!B1:B8,SUMIF(_xlpm.r,">10"))} -> 106.25 | B24: =IF(ISERROR(A24),ERROR.TYPE(A24),IF(ISNUMBER(A24),0,IF(ISLOGICAL(A24),IF(A24,-1,-2),IF(ISTEXT(A24),-3,-4)))) -> 0 | C24: =IF(ISNUMBER(A24),A24,0) -> 106.25 | D24: =IF(ISTEXT(A24),A24,"") | E24: let:ref#5
A25: {=_xlfn.LET(_xlpm.r,D!B1:B8,_xlpm.r)} -> #VALUE! | B25: =IF(ISERROR(A25),ERROR.TYPE(A25),IF(ISNUMBER(A25),0,IF(ISLOGICAL(A25),IF(A25,-1,-2),IF(ISTEXT(A25),-3,-4)))) -> 9 | C25: =IF(ISNUMBER(A25),A25,0) -> 0 | D25: =IF(ISTEXT(A25),A25,"") | E25: let:ref#6
A26: {=_xlfn.LET(_xlpm.r,D!B1:B8,COLUMN(_xlpm.r))} -> 2 | B26: =IF(ISERROR(A26),ERROR.TYPE(A26),IF(ISNUMBER(A26),0,IF(ISLOGICAL(A26),IF(A26,-1,-2),IF(ISTEXT(A26),-3,-4)))) -> 0 | C26: =IF(ISNUMBER(A26),A26,0) -> 2 | D26: =IF(ISTEXT(A26),A26,"") | E26: let:ref#7
A27: {=_xlfn.LET(_xlpm.r,D!A1,ISBLANK(_xlpm.r))} -> TRUE | B27: =IF(ISERROR(A27),ERROR.TYPE(A27),IF(ISNUMBER(A27),0,IF(ISLOGICAL(A27),IF(A27,-1,-2),IF(ISTEXT(A27),-3,-4)))) -> -1 | C27: =IF(ISNUMBER(A27),A27,0) -> 0 | D27: =IF(ISTEXT(A27),A27,"") | E27: let:ref#8
A28: {=_xlfn.LET(_xlpm.r,D!A1,_xlpm.r)} -> 0 | B28: =IF(ISERROR(A28),ERROR.TYPE(A28),IF(ISNUMBER(A28),0,IF(ISLOGICAL(A28),IF(A28,-1,-2),IF(ISTEXT(A28),-3,-4)))) -> 0 | C28: =IF(ISNUMBER(A28),A28,0) -> 0 | D28: =IF(ISTEXT(A28),A28,"") | E28: let:ref#9
A29: {=_xlfn.LET(_xlpm.r,D!A1,_xlpm.r&"")} | B29: =IF(ISERROR(A29),ERROR.TYPE(A29),IF(ISNUMBER(A29),0,IF(ISLOGICAL(A29),IF(A29,-1,-2),IF(ISTEXT(A29),-3,-4)))) -> -3 | C29: =IF(ISNUMBER(A29),A29,0) -> 0 | D29: =IF(ISTEXT(A29),A29,"") | E29: let:ref#10
A30: {=_xlfn.LET(_xlpm.r,D!B1:B2,TYPE(_xlpm.r))} -> 64 | B30: =IF(ISERROR(A30),ERROR.TYPE(A30),IF(ISNUMBER(A30),0,IF(ISLOGICAL(A30),IF(A30,-1,-2),IF(ISTEXT(A30),-3,-4)))) -> 0 | C30: =IF(ISNUMBER(A30),A30,0) -> 64 | D30: =IF(ISTEXT(A30),A30,"") | E30: let:ref#11
A31: {=_xlfn.LET(_xlpm.r,D!B1,TYPE(_xlpm.r))} -> 1 | B31: =IF(ISERROR(A31),ERROR.TYPE(A31),IF(ISNUMBER(A31),0,IF(ISLOGICAL(A31),IF(A31,-1,-2),IF(ISTEXT(A31),-3,-4)))) -> 0 | C31: =IF(ISNUMBER(A31),A31,0) -> 1 | D31: =IF(ISTEXT(A31),A31,"") | E31: let:ref#12
A32: {=_xlfn.LET(_xlpm.r,INDEX(D!B1:C8,0,1),SUM(_xlpm.r))} -> 114.75 | B32: =IF(ISERROR(A32),ERROR.TYPE(A32),IF(ISNUMBER(A32),0,IF(ISLOGICAL(A32),IF(A32,-1,-2),IF(ISTEXT(A32),-3,-4)))) -> 0 | C32: =IF(ISNUMBER(A32),A32,0) -> 114.75 | D32: =IF(ISTEXT(A32),A32,"") | E32: let:ref#13
A33: {=_xlfn.LET(_xlpm.r,IF(TRUE,D!A2),SUM(_xlpm.r))} -> 0 | B33: =IF(ISERROR(A33),ERROR.TYPE(A33),IF(ISNUMBER(A33),0,IF(ISLOGICAL(A33),IF(A33,-1,-2),IF(ISTEXT(A33),-3,-4)))) -> 0 | C33: =IF(ISNUMBER(A33),A33,0) -> 0 | D33: =IF(ISTEXT(A33),A33,"") | E33: let:ref#14
A34: {=_xlfn.LET(_xlpm.r,D!K1:K8,COUNTA(_xlpm.r))} -> 0 | B34: =IF(ISERROR(A34),ERROR.TYPE(A34),IF(ISNUMBER(A34),0,IF(ISLOGICAL(A34),IF(A34,-1,-2),IF(ISTEXT(A34),-3,-4)))) -> 0 | C34: =IF(ISNUMBER(A34),A34,0) -> 0 | D34: =IF(ISTEXT(A34),A34,"") | E34: let:ref#15
A35: {=SUM(_xlfn.LET(_xlpm.r,D!D1:D8,_xlpm.r))} -> 9.5 | B35: =IF(ISERROR(A35),ERROR.TYPE(A35),IF(ISNUMBER(A35),0,IF(ISLOGICAL(A35),IF(A35,-1,-2),IF(ISTEXT(A35),-3,-4)))) -> 0 | C35: =IF(ISNUMBER(A35),A35,0) -> 9.5 | D35: =IF(ISTEXT(A35),A35,"") | E35: let:result#1
A36: {=SUMIF(_xlfn.LET(_xlpm.r,D!B1:B8,_xlpm.r),">10")} -> 106.25 | B36: =IF(ISERROR(A36),ERROR.TYPE(A36),IF(ISNUMBER(A36),0,IF(ISLOGICAL(A36),IF(A36,-1,-2),IF(ISTEXT(A36),-3,-4)))) -> 0 | C36: =IF(ISNUMBER(A36),A36,0) -> 106.25 | D36: =IF(ISTEXT(A36),A36,"") | E36: let:result#2
A37: {=ROWS(_xlfn.LET(_xlpm.x,D!B1:B8,_xlpm.x))} -> 8 | B37: =IF(ISERROR(A37),ERROR.TYPE(A37),IF(ISNUMBER(A37),0,IF(ISLOGICAL(A37),IF(A37,-1,-2),IF(ISTEXT(A37),-3,-4)))) -> 0 | C37: =IF(ISNUMBER(A37),A37,0) -> 8 | D37: =IF(ISTEXT(A37),A37,"") | E37: let:result#3
A38: {=COUNTA(_xlfn.LET(_xlpm.r,D!K1:K8,_xlpm.r))} -> 0 | B38: =IF(ISERROR(A38),ERROR.TYPE(A38),IF(ISNUMBER(A38),0,IF(ISLOGICAL(A38),IF(A38,-1,-2),IF(ISTEXT(A38),-3,-4)))) -> 0 | C38: =IF(ISNUMBER(A38),A38,0) -> 0 | D38: =IF(ISTEXT(A38),A38,"") | E38: let:result#4
A39: {=SUM(_xlfn.LET(_xlpm.r,D!A2,_xlpm.r))} -> 0 | B39: =IF(ISERROR(A39),ERROR.TYPE(A39),IF(ISNUMBER(A39),0,IF(ISLOGICAL(A39),IF(A39,-1,-2),IF(ISTEXT(A39),-3,-4)))) -> 0 | C39: =IF(ISNUMBER(A39),A39,0) -> 0 | D39: =IF(ISTEXT(A39),A39,"") | E39: let:result#5
A40: {=_xlfn.LET(_xlpm.r,D!A2,_xlpm.r)} -> 2 | B40: =IF(ISERROR(A40),ERROR.TYPE(A40),IF(ISNUMBER(A40),0,IF(ISLOGICAL(A40),IF(A40,-1,-2),IF(ISTEXT(A40),-3,-4)))) -> -3 | C40: =IF(ISNUMBER(A40),A40,0) -> 0 | D40: =IF(ISTEXT(A40),A40,"") -> 2 | E40: let:result#6
A41: {=_xlfn.LET(_xlpm.X,1,_xlpm.X+1)} -> 2 | B41: =IF(ISERROR(A41),ERROR.TYPE(A41),IF(ISNUMBER(A41),0,IF(ISLOGICAL(A41),IF(A41,-1,-2),IF(ISTEXT(A41),-3,-4)))) -> 0 | C41: =IF(ISNUMBER(A41),A41,0) -> 2 | D41: =IF(ISTEXT(A41),A41,"") | E41: let:scope#1
A42: {=_xlfn.LET(_xlpm.abc,2,_xlpm.abc*_xlpm.abc)} -> 4 | B42: =IF(ISERROR(A42),ERROR.TYPE(A42),IF(ISNUMBER(A42),0,IF(ISLOGICAL(A42),IF(A42,-1,-2),IF(ISTEXT(A42),-3,-4)))) -> 0 | C42: =IF(ISNUMBER(A42),A42,0) -> 4 | D42: =IF(ISTEXT(A42),A42,"") | E42: let:scope#2
A43: {=_xlfn.LET(_xlpm.x,1,_xlfn.LET(_xlpm.x,2,_xlpm.x)+_xlpm.x)} -> 3 | B43: =IF(ISERROR(A43),ERROR.TYPE(A43),IF(ISNUMBER(A43),0,IF(ISLOGICAL(A43),IF(A43,-1,-2),IF(ISTEXT(A43),-3,-4)))) -> 0 | C43: =IF(ISNUMBER(A43),A43,0) -> 3 | D43: =IF(ISTEXT(A43),A43,"") | E43: let:scope#3
A44: {=_xlfn.LET(_xlpm.x,1,_xlpm.y,_xlfn.LET(_xlpm.x,10,_xlpm.x+1),_xlpm.x+_xlpm.y)} -> 12 | B44: =IF(ISERROR(A44),ERROR.TYPE(A44),IF(ISNUMBER(A44),0,IF(ISLOGICAL(A44),IF(A44,-1,-2),IF(ISTEXT(A44),-3,-4)))) -> 0 | C44: =IF(ISNUMBER(A44),A44,0) -> 12 | D44: =IF(ISTEXT(A44),A44,"") | E44: let:scope#4
A45: {=_xlfn.LET(_xlpm.x,2,_xlfn.LET(_xlpm.y,_xlpm.x*3,_xlpm.y+_xlpm.x))} -> 8 | B45: =IF(ISERROR(A45),ERROR.TYPE(A45),IF(ISNUMBER(A45),0,IF(ISLOGICAL(A45),IF(A45,-1,-2),IF(ISTEXT(A45),-3,-4)))) -> 0 | C45: =IF(ISNUMBER(A45),A45,0) -> 8 | D45: =IF(ISTEXT(A45),A45,"") | E45: let:scope#5
A46: {=_xlfn.LET(_xlpm.x,1,_xlpm.x)+_xlfn.LET(_xlpm.x,2,_xlpm.x)} -> 3 | B46: =IF(ISERROR(A46),ERROR.TYPE(A46),IF(ISNUMBER(A46),0,IF(ISLOGICAL(A46),IF(A46,-1,-2),IF(ISTEXT(A46),-3,-4)))) -> 0 | C46: =IF(ISNUMBER(A46),A46,0) -> 3 | D46: =IF(ISTEXT(A46),A46,"") | E46: let:scope#6
A47: {=SUM(_xlfn.LET(_xlpm.x,1,_xlpm.x),2)} -> 3 | B47: =IF(ISERROR(A47),ERROR.TYPE(A47),IF(ISNUMBER(A47),0,IF(ISLOGICAL(A47),IF(A47,-1,-2),IF(ISTEXT(A47),-3,-4)))) -> 0 | C47: =IF(ISNUMBER(A47),A47,0) -> 3 | D47: =IF(ISTEXT(A47),A47,"") | E47: let:nest#1
A48: {=IF(TRUE,_xlfn.LET(_xlpm.x,5,_xlpm.x),0)} -> 5 | B48: =IF(ISERROR(A48),ERROR.TYPE(A48),IF(ISNUMBER(A48),0,IF(ISLOGICAL(A48),IF(A48,-1,-2),IF(ISTEXT(A48),-3,-4)))) -> 0 | C48: =IF(ISNUMBER(A48),A48,0) -> 5 | D48: =IF(ISTEXT(A48),A48,"") | E48: let:nest#2
A49: {=_xlfn.LET(_xlpm.x,ROUND(2.567,1),_xlpm.x*2)} -> 5.2 | B49: =IF(ISERROR(A49),ERROR.TYPE(A49),IF(ISNUMBER(A49),0,IF(ISLOGICAL(A49),IF(A49,-1,-2),IF(ISTEXT(A49),-3,-4)))) -> 0 | C49: =IF(ISNUMBER(A49),A49,0) -> 5.2 | D49: =IF(ISTEXT(A49),A49,"") | E49: let:nest#3
A50: {=_xlfn.LET(_xlpm.x,D!B1:B8,MAX(_xlpm.x)-MIN(_xlpm.x))} -> 45.5 | B50: =IF(ISERROR(A50),ERROR.TYPE(A50),IF(ISNUMBER(A50),0,IF(ISLOGICAL(A50),IF(A50,-1,-2),IF(ISTEXT(A50),-3,-4)))) -> 0 | C50: =IF(ISNUMBER(A50),A50,0) -> 45.5 | D50: =IF(ISTEXT(A50),A50,"") | E50: let:nest#4
A51: {=_xlfn.LET(_xlpm.x,3,CHOOSE(_xlpm.x,"a","b","c"))} -> c | B51: =IF(ISERROR(A51),ERROR.TYPE(A51),IF(ISNUMBER(A51),0,IF(ISLOGICAL(A51),IF(A51,-1,-2),IF(ISTEXT(A51),-3,-4)))) -> -3 | C51: =IF(ISNUMBER(A51),A51,0) -> 0 | D51: =IF(ISTEXT(A51),A51,"") -> c | E51: let:nest#5
A52: {=IFERROR(_xlfn.LET(_xlpm.x,1/0,_xlpm.x),"e")} -> e | B52: =IF(ISERROR(A52),ERROR.TYPE(A52),IF(ISNUMBER(A52),0,IF(ISLOGICAL(A52),IF(A52,-1,-2),IF(ISTEXT(A52),-3,-4)))) -> -3 | C52: =IF(ISNUMBER(A52),A52,0) -> 0 | D52: =IF(ISTEXT(A52),A52,"") -> e | E52: let:nest#6
A53: {=_xlfn.LET(_xlpm.sum,5,SUM(_xlpm.sum,1))} -> 6 | B53: =IF(ISERROR(A53),ERROR.TYPE(A53),IF(ISNUMBER(A53),0,IF(ISLOGICAL(A53),IF(A53,-1,-2),IF(ISTEXT(A53),-3,-4)))) -> 0 | C53: =IF(ISNUMBER(A53),A53,0) -> 6 | D53: =IF(ISTEXT(A53),A53,"") | E53: let:names#1
A54: {=_xlfn.LET(_xlpm.pi,3,_xlpm.pi*2+PI())} -> 9.1415927 | B54: =IF(ISERROR(A54),ERROR.TYPE(A54),IF(ISNUMBER(A54),0,IF(ISLOGICAL(A54),IF(A54,-1,-2),IF(ISTEXT(A54),-3,-4)))) -> 0 | C54: =IF(ISNUMBER(A54),A54,0) -> 9.1415927 | D54: =IF(ISTEXT(A54),A54,"") | E54: let:names#2
A55: {=_xlfn.LET(_xlpm._x,1,_xlpm._x+1)} -> 2 | B55: =IF(ISERROR(A55),ERROR.TYPE(A55),IF(ISNUMBER(A55),0,IF(ISLOGICAL(A55),IF(A55,-1,-2),IF(ISTEXT(A55),-3,-4)))) -> 0 | C55: =IF(ISNUMBER(A55),A55,0) -> 2 | D55: =IF(ISTEXT(A55),A55,"") | E55: let:names#3
A56: {=_xlfn.LET(_xlpm.x.y,1,_xlpm.x.y+1)} -> 2 | B56: =IF(ISERROR(A56),ERROR.TYPE(A56),IF(ISNUMBER(A56),0,IF(ISLOGICAL(A56),IF(A56,-1,-2),IF(ISTEXT(A56),-3,-4)))) -> 0 | C56: =IF(ISNUMBER(A56),A56,0) -> 2 | D56: =IF(ISTEXT(A56),A56,"") | E56: let:names#4
A57: {=_xlfn.LET(_xlpm.x_1,2,_xlpm.x_1*2)} -> 4 | B57: =IF(ISERROR(A57),ERROR.TYPE(A57),IF(ISNUMBER(A57),0,IF(ISLOGICAL(A57),IF(A57,-1,-2),IF(ISTEXT(A57),-3,-4)))) -> 0 | C57: =IF(ISNUMBER(A57),A57,0) -> 4 | D57: =IF(ISTEXT(A57),A57,"") | E57: let:names#5
A58: {=_xlfn.LET(_xlpm.икс,1,_xlpm.икс+1)} -> 2 | B58: =IF(ISERROR(A58),ERROR.TYPE(A58),IF(ISNUMBER(A58),0,IF(ISLOGICAL(A58),IF(A58,-1,-2),IF(ISTEXT(A58),-3,-4)))) -> 0 | C58: =IF(ISNUMBER(A58),A58,0) -> 2 | D58: =IF(ISTEXT(A58),A58,"") | E58: let:names#6
A59: {=_xlfn.LET(_xlpm.if,1,IF(_xlpm.if,2,3))} -> 2 | B59: =IF(ISERROR(A59),ERROR.TYPE(A59),IF(ISNUMBER(A59),0,IF(ISLOGICAL(A59),IF(A59,-1,-2),IF(ISTEXT(A59),-3,-4)))) -> 0 | C59: =IF(ISNUMBER(A59),A59,0) -> 2 | D59: =IF(ISTEXT(A59),A59,"") | E59: let:names#7
A60: {=_xlfn.LET(_xlpm.x,RAND(),_xlpm.x-_xlpm.x)} -> 0 | B60: =IF(ISERROR(A60),ERROR.TYPE(A60),IF(ISNUMBER(A60),0,IF(ISLOGICAL(A60),IF(A60,-1,-2),IF(ISTEXT(A60),-3,-4)))) -> 0 | C60: =IF(ISNUMBER(A60),A60,0) -> 0 | D60: =IF(ISTEXT(A60),A60,"") | E60: let:once#1
A61: {=_xlfn.LET(_xlpm.x,RAND(),_xlpm.x=_xlpm.x)} -> TRUE | B61: =IF(ISERROR(A61),ERROR.TYPE(A61),IF(ISNUMBER(A61),0,IF(ISLOGICAL(A61),IF(A61,-1,-2),IF(ISTEXT(A61),-3,-4)))) -> -1 | C61: =IF(ISNUMBER(A61),A61,0) -> 0 | D61: =IF(ISTEXT(A61),A61,"") | E61: let:once#2
A62: {=_xlfn.LET(_xlpm.x,1/0,1)} -> 1 | B62: =IF(ISERROR(A62),ERROR.TYPE(A62),IF(ISNUMBER(A62),0,IF(ISLOGICAL(A62),IF(A62,-1,-2),IF(ISTEXT(A62),-3,-4)))) -> 0 | C62: =IF(ISNUMBER(A62),A62,0) -> 1 | D62: =IF(ISTEXT(A62),A62,"") | E62: let:once#3
A63: {=_xlfn.LET(_xlpm.x,NA(),_xlpm.y,2,_xlpm.y)} -> 2 | B63: =IF(ISERROR(A63),ERROR.TYPE(A63),IF(ISNUMBER(A63),0,IF(ISLOGICAL(A63),IF(A63,-1,-2),IF(ISTEXT(A63),-3,-4)))) -> 0 | C63: =IF(ISNUMBER(A63),A63,0) -> 2 | D63: =IF(ISTEXT(A63),A63,"") | E63: let:once#4
A64: {=_xlfn.LET(_xlpm.x,1/0,_xlpm.x+1)} -> #DIV/0! | B64: =IF(ISERROR(A64),ERROR.TYPE(A64),IF(ISNUMBER(A64),0,IF(ISLOGICAL(A64),IF(A64,-1,-2),IF(ISTEXT(A64),-3,-4)))) -> 2 | C64: =IF(ISNUMBER(A64),A64,0) -> 0 | D64: =IF(ISTEXT(A64),A64,"") | E64: let:once#5
A65: {=_xlfn.LET(_xlpm.x,1/0,IFERROR(_xlpm.x,7))} -> 7 | B65: =IF(ISERROR(A65),ERROR.TYPE(A65),IF(ISNUMBER(A65),0,IF(ISLOGICAL(A65),IF(A65,-1,-2),IF(ISTEXT(A65),-3,-4)))) -> 0 | C65: =IF(ISNUMBER(A65),A65,0) -> 7 | D65: =IF(ISTEXT(A65),A65,"") | E65: let:once#6
A66: {=_xlfn.LET(_xlpm.x,1,_xlpm.y,1/0,_xlpm.x)} -> 1 | B66: =IF(ISERROR(A66),ERROR.TYPE(A66),IF(ISNUMBER(A66),0,IF(ISLOGICAL(A66),IF(A66,-1,-2),IF(ISTEXT(A66),-3,-4)))) -> 0 | C66: =IF(ISNUMBER(A66),A66,0) -> 1 | D66: =IF(ISTEXT(A66),A66,"") | E66: let:once#7
A67: {=_xlfn.LET(_xlpm.n_1,1,_xlpm.n_2,_xlpm.n_1+1,_xlpm.n_3,_xlpm.n_2+1,_xlpm.n_4,_xlpm.n_3+1,_xlpm.n_5,_xlpm.n_4+1,_xlpm.n_6,_xlpm.n_5+1,_xlpm.n_7,_xlpm.n_6+1,_xlpm.n_8,_xlpm.n_7+1,_xlpm.n_9,_xlpm.n_8+1,_xlpm.n_10,_xlpm.n_9+1,_xlpm.n_11,_xlpm.n_10+1,_xlpm.n_12,_xlpm.n_11+1,_xlpm.n_13,_xlpm.n_12+1,_xlpm.n_14,_xlpm.n_13+1,_xlpm.n_15,_xlpm.n_14+1,_xlpm.n_16,_xlpm.n_15+1,_xlpm.n_17,_xlpm.n_16+1,_xlpm.n_18,_xlpm.n_17+1,_xlpm.n_19,_xlpm.n_18+1,_xlpm.n_20,_xlpm.n_19+1,_xlpm.n_21,_xlpm.n_20+1,_xlpm.n_22,_xlpm.n_21+1,_xlpm.n_23,_xlpm.n_22+1,_xlpm.n_24,_xlpm.n_23+1,_xlpm.n_25,_xlpm.n_24+1,_xlpm.n_26,_xlpm.n_25+1,_xlpm.n_27,_xlpm.n_26+1,_xlpm.n_28,_xlpm.n_27+1,_xlpm.n_29,_xlpm.n_28+1,_xlpm.n_30,_xlpm.n_29+1,_xlpm.n_31,_xlpm.n_30+1,_xlpm.n_32,_xlpm.n_31+1,_xlpm.n_33,_xlpm.n_32+1,_xlpm.n_34,_xlpm.n_33+1,_xlpm.n_35,_xlpm.n_34+1,_xlpm.n_36,_xlpm.n_35+1,_xlpm.n_37,_xlpm.n_36+1,_xlpm.n_38,_xlpm.n_37+1,_xlpm.n_39,_xlpm.n_38+1,_xlpm.n_40,_xlpm.n_39+1,_xlpm.n_41,_xlpm.n_40+1,_xlpm.n_42,_xlpm.n_41+1,_xlpm.n_43,_xlpm.n_42+1,_xlpm.n_44,_xlpm.n_43+1,_xlpm.n_45,_xlpm.n_44+1,_xlpm.n_46,_xlpm.n_45+1,_xlpm.n_47,_xlpm.n_46+1,_xlpm.n_48,_xlpm.n_47+1,_xlpm.n_49,_xlpm.n_48+1,_xlpm.n_50,_xlpm.n_49+1,_xlpm.n_51,_xlpm.n_50+1,_xlpm.n_52,_xlpm.n_51+1,_xlpm.n_53,_xlpm.n_52+1,_xlpm.n_54,_xlpm.n_53+1,_xlpm.n_55,_xlpm.n_54+1,_xlpm.n_56,_xlpm.n_55+1,_xlpm.n_57,_xlpm.n_56+1,_xlpm.n_58,_xlpm.n_57+1,_xlpm.n_59,_xlpm.n_58+1,_xlpm.n_60,_xlpm.n_59+1,_xlpm.n_61,_xlpm.n_60+1,_xlpm.n_62,_xlpm.n_61+1,_xlpm.n_63,_xlpm.n_62+1,_xlpm.n_64,_xlpm.n_63+1,_xlpm.n_65,_xlpm.n_64+1,_xlpm.n_66,_xlpm.n_65+1,_xlpm.n_67,_xlpm.n_66+1,_xlpm.n_68,_xlpm.n_67+1,_xlpm.n_69,_xlpm.n_68+1,_xlpm.n_70,_xlpm.n_69+1,_xlpm.n_71,_xlpm.n_70+1,_xlpm.n_72,_xlpm.n_71+1,_xlpm.n_73,_xlpm.n_72+1,_xlpm.n_74,_xlpm.n_73+1,_xlpm.n_75,_xlpm.n_74+1,_xlpm.n_76,_xlpm.n_75+1,_xlpm.n_77,_xlpm.n_76+1,_xlpm.n_78,_xlpm.n_77+1,_xlpm.n_79,_xlpm.n_78+1,_xlpm.n_80,_xlpm.n_79+1,_xlpm.n_81,_xlpm.n_80+1,_xlpm.n_82,_xlpm.n_81+1,_xlpm.n_83,_xlpm.n_82+1,_xlpm.n_84,_xlpm.n_83+1,_xlpm.n_85,_xlpm.n_84+1,_xlpm.n_86,_xlpm.n_85+1,_xlpm.n_87,_xlpm.n_86+1,_xlpm.n_88,_xlpm.n_87+1,_xlpm.n_89,_xlpm.n_88+1,_xlpm.n_90,_xlpm.n_89+1,_xlpm.n_91,_xlpm.n_90+1,_xlpm.n_92,_xlpm.n_91+1,_xlpm.n_93,_xlpm.n_92+1,_xlpm.n_94,_xlpm.n_93+1,_xlpm.n_95,_xlpm.n_94+1,_xlpm.n_96,_xlpm.n_95+1,_xlpm.n_97,_xlpm.n_96+1,_xlpm.n_98,_xlpm.n_97+1,_xlpm.n_99,_xlpm.n_98+1,_xlpm.n_100,_xlpm.n_99+1,_xlpm.n_101,_xlpm.n_100+1,_xlpm.n_102,_xlpm.n_101+1,_xlpm.n_103,_xlpm.n_102+1,_xlpm.n_104,_xlpm.n_103+1,_xlpm.n_105,_xlpm.n_104+1,_xlpm.n_106,_xlpm.n_105+1,_xlpm.n_107,_xlpm.n_106+1,_xlpm.n_108,_xlpm.n_107+1,_xlpm.n_109,_xlpm.n_108+1,_xlpm.n_110,_xlpm.n_109+1,_xlpm.n_111,_xlpm.n_110+1,_xlpm.n_112,_xlpm.n_111+1,_xlpm.n_113,_xlpm.n_112+1,_xlpm.n_114,_xlpm.n_113+1,_xlpm.n_115,_xlpm.n_114+1,_xlpm.n_116,_xlpm.n_115+1,_xlpm.n_117,_xlpm.n_116+1,_xlpm.n_118,_xlpm.n_117+1,_xlpm.n_119,_xlpm.n_118+1,_xlpm.n_120,_xlpm.n_119+1,_xlpm.n_121,_xlpm.n_120+1,_xlpm.n_122,_xlpm.n_121+1,_xlpm.n_123,_xlpm.n_122+1,_xlpm.n_124,_xlpm.n_123+1,_xlpm.n_125,_xlpm.n_124+1,_xlpm.n_126,_xlpm.n_125+1,_xlpm.n_126)} -> 126 | B67: =IF(ISERROR(A67),ERROR.TYPE(A67),IF(ISNUMBER(A67),0,IF(ISLOGICAL(A67),IF(A67,-1,-2),IF(ISTEXT(A67),-3,-4)))) -> 0 | C67: =IF(ISNUMBER(A67),A67,0) -> 126 | D67: =IF(ISTEXT(A67),A67,"") | E67: let:count#1
A68: {=_xlfn.LET(_xlpm.x,1,_xlpm.x)+x} -> #NAME? | B68: =IF(ISERROR(A68),ERROR.TYPE(A68),IF(ISNUMBER(A68),0,IF(ISLOGICAL(A68),IF(A68,-1,-2),IF(ISTEXT(A68),-3,-4)))) -> 5 | C68: =IF(ISNUMBER(A68),A68,0) -> 0 | D68: =IF(ISTEXT(A68),A68,"") | E68: let:unbound#1
A69: {=_xlfn.LET(_xlpm.x,x+1,_xlpm.x)} -> #NAME? | B69: =IF(ISERROR(A69),ERROR.TYPE(A69),IF(ISNUMBER(A69),0,IF(ISLOGICAL(A69),IF(A69,-1,-2),IF(ISTEXT(A69),-3,-4)))) -> 5 | C69: =IF(ISNUMBER(A69),A69,0) -> 0 | D69: =IF(ISTEXT(A69),A69,"") | E69: let:unbound#2
A70: {=_xlfn.LET(_xlpm.x,_xlpm.x+1,_xlpm.x)} -> #NAME? | B70: =IF(ISERROR(A70),ERROR.TYPE(A70),IF(ISNUMBER(A70),0,IF(ISLOGICAL(A70),IF(A70,-1,-2),IF(ISTEXT(A70),-3,-4)))) -> 5 | C70: =IF(ISNUMBER(A70),A70,0) -> 0 | D70: =IF(ISTEXT(A70),A70,"") | E70: let:unbound#3
A71: {=_xlfn.LET(_xlpm.x,_xlpm.y,_xlpm.y,1,_xlpm.x)} -> #NAME? | B71: =IF(ISERROR(A71),ERROR.TYPE(A71),IF(ISNUMBER(A71),0,IF(ISLOGICAL(A71),IF(A71,-1,-2),IF(ISTEXT(A71),-3,-4)))) -> 5 | C71: =IF(ISNUMBER(A71),A71,0) -> 0 | D71: =IF(ISTEXT(A71),A71,"") | E71: let:unbound#4
A72: {=_xlfn.LET(_xlpm.x,1,_xlpm.x)} -> 1 | B72: =IF(ISERROR(A72),ERROR.TYPE(A72),IF(ISNUMBER(A72),0,IF(ISLOGICAL(A72),IF(A72,-1,-2),IF(ISTEXT(A72),-3,-4)))) -> 0 | C72: =IF(ISNUMBER(A72),A72,0) -> 1 | D72: =IF(ISTEXT(A72),A72,"") | E72: let:even#1
A73: {=_xlfn.LET(_xlpm.x,1,_xlpm.y,2,_xlpm.y)} -> 2 | B73: =IF(ISERROR(A73),ERROR.TYPE(A73),IF(ISNUMBER(A73),0,IF(ISLOGICAL(A73),IF(A73,-1,-2),IF(ISTEXT(A73),-3,-4)))) -> 0 | C73: =IF(ISNUMBER(A73),A73,0) -> 2 | D73: =IF(ISTEXT(A73),A73,"") | E73: let:even#2
A74: {=_xlfn.LET(_xlpm.A1,1,_xlpm.A1)} -> 1 | B74: =IF(ISERROR(A74),ERROR.TYPE(A74),IF(ISNUMBER(A74),0,IF(ISLOGICAL(A74),IF(A74,-1,-2),IF(ISTEXT(A74),-3,-4)))) -> 0 | C74: =IF(ISNUMBER(A74),A74,0) -> 1 | D74: =IF(ISTEXT(A74),A74,"") | E74: let:file#1
A75: {=_xlfn.LET(_xlpm.r,1,_xlpm.r)} -> 1 | B75: =IF(ISERROR(A75),ERROR.TYPE(A75),IF(ISNUMBER(A75),0,IF(ISLOGICAL(A75),IF(A75,-1,-2),IF(ISTEXT(A75),-3,-4)))) -> 0 | C75: =IF(ISNUMBER(A75),A75,0) -> 1 | D75: =IF(ISTEXT(A75),A75,"") | E75: let:file#2
A76: {=_xlfn.LET(_xlpm.c,1,_xlpm.c)} -> 1 | B76: =IF(ISERROR(A76),ERROR.TYPE(A76),IF(ISNUMBER(A76),0,IF(ISLOGICAL(A76),IF(A76,-1,-2),IF(ISTEXT(A76),-3,-4)))) -> 0 | C76: =IF(ISNUMBER(A76),A76,0) -> 1 | D76: =IF(ISTEXT(A76),A76,"") | E76: let:file#3
A77: {=_xlfn.LET(_xlpm.R1C1,1,_xlpm.R1C1)} -> 1 | B77: =IF(ISERROR(A77),ERROR.TYPE(A77),IF(ISNUMBER(A77),0,IF(ISLOGICAL(A77),IF(A77,-1,-2),IF(ISTEXT(A77),-3,-4)))) -> 0 | C77: =IF(ISNUMBER(A77),A77,0) -> 1 | D77: =IF(ISTEXT(A77),A77,"") | E77: let:file#4
A78: {=_xlfn.LET(_xlpm.TRUE,1,_xlpm.TRUE)} -> 1 | B78: =IF(ISERROR(A78),ERROR.TYPE(A78),IF(ISNUMBER(A78),0,IF(ISLOGICAL(A78),IF(A78,-1,-2),IF(ISTEXT(A78),-3,-4)))) -> 0 | C78: =IF(ISNUMBER(A78),A78,0) -> 1 | D78: =IF(ISTEXT(A78),A78,"") | E78: let:file#5
A79: {=_xlfn.LET(_xlpm.x,,_xlpm.x)} -> 0 | B79: =IF(ISERROR(A79),ERROR.TYPE(A79),IF(ISNUMBER(A79),0,IF(ISLOGICAL(A79),IF(A79,-1,-2),IF(ISTEXT(A79),-3,-4)))) -> 0 | C79: =IF(ISNUMBER(A79),A79,0) -> 0 | D79: =IF(ISTEXT(A79),A79,"") | E79: let:omitted#1
A80: {=_xlfn.LET(_xlpm.x,,_xlpm.x+1)} -> 1 | B80: =IF(ISERROR(A80),ERROR.TYPE(A80),IF(ISNUMBER(A80),0,IF(ISLOGICAL(A80),IF(A80,-1,-2),IF(ISTEXT(A80),-3,-4)))) -> 0 | C80: =IF(ISNUMBER(A80),A80,0) -> 1 | D80: =IF(ISTEXT(A80),A80,"") | E80: let:omitted#2
A81: {=_xlfn.LET(_xlpm.x,1,)} -> 0 | B81: =IF(ISERROR(A81),ERROR.TYPE(A81),IF(ISNUMBER(A81),0,IF(ISLOGICAL(A81),IF(A81,-1,-2),IF(ISTEXT(A81),-3,-4)))) -> 0 | C81: =IF(ISNUMBER(A81),A81,0) -> 0 | D81: =IF(ISTEXT(A81),A81,"") | E81: let:omitted#3
A82: {=_xlfn.LET(_xlpm.x,1,_xlpm.y,,_xlpm.x)} -> 1 | B82: =IF(ISERROR(A82),ERROR.TYPE(A82),IF(ISNUMBER(A82),0,IF(ISLOGICAL(A82),IF(A82,-1,-2),IF(ISTEXT(A82),-3,-4)))) -> 0 | C82: =IF(ISNUMBER(A82),A82,0) -> 1 | D82: =IF(ISTEXT(A82),A82,"") | E82: let:omitted#4
A83: end
