Workbook

Sheet P
A1: =0.5-0.4-0.1 -> 0 | B1: 0.3 | D1: {={0.1,0.5}+0.2-0.3} -> 0 | E1: 0.4
A2: =1*(0.5-0.4-0.1) -> -2.7755576e-17 | B2: 0.1
A3: =(0.5-0.4-0.1) -> -2.7755576e-17 | D3: {=0.5-0.4-0.1} -> 0
A4: =0.1+0.2-B1 -> 0
A5: =SUM(0.1,0.2)-B1 -> 0
A6: =-0.1-0.2+B1 -> 0
A7: =(0.1+0.2-B1)/1 -> 5.5511151e-17
A8: =0.1+0.2-B1+0 -> 5.5511151e-17
A9: =0+0.1+0.2-0.3 -> 0
A10: =0.1+0.2-0.3*1 -> 0
A11: =0.1+0.2-(0.3) -> 0
A12: =(0.1+0.2)-0.3 -> 0
A13: =0.1-(0.3-0.2) -> 0
A14: =B2+0.2-B1 -> 0
A15: =1-0.9-0.1 -> 0
A16: =0.3-0.2-0.1 -> 0
A17: =-0.3+0.1+0.2 -> 0
A18: =0.1*3-0.3 -> 0
A19: =TRUE-0.9-0.1 -> 0
A20: ="0.1"+0.2-0.3 -> 0
A21: =50%-0.4-0.1 -> 0
A22: =-(0.1+0.2-0.3) -> -5.5511151e-17
A23: =0.1+0.2-0.3 -> 0
A24: =+(0.1+0.2-0.3) -> 5.5511151e-17
A25: =(0.1+0.2-0.3)+0 -> 5.5511151e-17
A26: =0-(0.1+0.2-0.3) -> -5.5511151e-17
A27: =0.00000000000000002-0.00000000000000001 -> 1e-17
A28: =1000000000000000+0.3-1000000000000000 -> 0
A29: =SUM(0.1,0.2,-0.3) -> 0
A30: =SUM(0.1,0.2)-0.3 -> 0
A31: =ROUND(0.1+0.2-0.3,30) -> 5.5511151e-17
A32: =ABS(0.1+0.2-0.3) -> 5.5511151e-17
A33: =IF(TRUE,0.1+0.2-0.3) -> 5.5511151e-17
A34: =_xlfn.LET(_xlpm.x,0.1,_xlpm.x+0.2-0.3) -> 5.5511151e-17
A35: =1+1*2^-52-1 -> 0
A36: =1+2*2^-52-1 -> 0
A37: =1+3*2^-52-1 -> 0
A38: =1+4*2^-52-1 -> 0
A39: =1+5*2^-52-1 -> 0
A40: =1+6*2^-52-1 -> 0
A41: =1+7*2^-52-1 -> 0
A42: =1+8*2^-52-1 -> 1.7763568e-15
A43: =1+9*2^-52-1 -> 1.9984014e-15
A44: =1+10*2^-52-1 -> 2.220446e-15
A45: =1+11*2^-52-1 -> 2.4424907e-15
A46: =1+12*2^-52-1 -> 2.6645353e-15
A47: =1+13*2^-52-1 -> 2.8865799e-15
A48: =1+14*2^-52-1 -> 3.1086245e-15
A49: =1+15*2^-52-1 -> 3.3306691e-15
A50: =1+16*2^-52-1 -> 3.5527137e-15
A51: =1+17*2^-52-1 -> 3.7747583e-15
A52: =1+18*2^-52-1 -> 3.9968029e-15
A53: =1+19*2^-52-1 -> 4.2188475e-15
A54: =1+20*2^-52-1 -> 4.4408921e-15
A55: =1.9+1*2^-52-1.9 -> 0
A56: =1.9+2*2^-52-1.9 -> 0
A57: =1.9+3*2^-52-1.9 -> 0
A58: =1.9+4*2^-52-1.9 -> 0
A59: =1.9+5*2^-52-1.9 -> 0
A60: =1.9+6*2^-52-1.9 -> 0
A61: =1.9+7*2^-52-1.9 -> 0
A62: =1.9+8*2^-52-1.9 -> 1.7763568e-15
A63: =1.9+9*2^-52-1.9 -> 1.9984014e-15
A64: =1.9+10*2^-52-1.9 -> 2.220446e-15
A65: =1.9+11*2^-52-1.9 -> 2.4424907e-15
A66: =1.9+12*2^-52-1.9 -> 2.6645353e-15
A67: =1.9+13*2^-52-1.9 -> 2.8865799e-15
A68: =1.9+14*2^-52-1.9 -> 3.1086245e-15
A69: =1.9+15*2^-52-1.9 -> 3.3306691e-15
A70: =1.9+16*2^-52-1.9 -> 3.5527137e-15
A71: =1.9+17*2^-52-1.9 -> 3.7747583e-15
A72: =1.9+18*2^-52-1.9 -> 3.9968029e-15
A73: =1.9+19*2^-52-1.9 -> 4.2188475e-15
A74: =1.9+20*2^-52-1.9 -> 4.4408921e-15
A75: =9.5+1*2^-49-9.5 -> 0
A76: =9.5+2*2^-49-9.5 -> 0
A77: =9.5+3*2^-49-9.5 -> 0
A78: =9.5+4*2^-49-9.5 -> 0
A79: =9.5+5*2^-49-9.5 -> 0
A80: =9.5+6*2^-49-9.5 -> 0
A81: =9.5+7*2^-49-9.5 -> 0
A82: =9.5+8*2^-49-9.5 -> 1.4210855e-14
A83: =9.5+9*2^-49-9.5 -> 1.5987212e-14
A84: =9.5+10*2^-49-9.5 -> 1.7763568e-14
A85: =9.5+11*2^-49-9.5 -> 1.9539925e-14
A86: =9.5+12*2^-49-9.5 -> 2.1316282e-14
A87: =9.5+13*2^-49-9.5 -> 2.3092639e-14
A88: =9.5+14*2^-49-9.5 -> 2.4868996e-14
A89: =9.5+15*2^-49-9.5 -> 2.6645353e-14
A90: =9.5+16*2^-49-9.5 -> 2.8421709e-14
A91: =9.5+17*2^-49-9.5 -> 3.0198066e-14
A92: =9.5+18*2^-49-9.5 -> 3.1974423e-14
A93: =9.5+19*2^-49-9.5 -> 3.375078e-14
A94: =9.5+20*2^-49-9.5 -> 3.5527137e-14
A95: =1000000000000000+1*0.125-1000000000000000 -> 0
A96: =1000000000000000+2*0.125-1000000000000000 -> 0
A97: =1000000000000000+3*0.125-1000000000000000 -> 0
A98: =1000000000000000+4*0.125-1000000000000000 -> 0
A99: =1000000000000000+5*0.125-1000000000000000 -> 0
A100: =1000000000000000+6*0.125-1000000000000000 -> 0
...

Sheet D
B1: 4 | C1: 2 | D1: 1 | E1: 1 | F1: Аренда | G1: 1 | H1: 45657 | I1: -10000 | J1: -10000 | L1: 1 | M1: one | N1: 10 | P1: 1 | Q1: 2 | R1: 5 | S1: 6 | U1: Tree | V1: Height | W1: Age | X1: Yield | Y1: Profit | AA1: Tree | AB1: Height | AC1: Tree | AD1: Tree | AE1: Tree | AF1: Tree | AG1: Tree | AH1: 0 | AI1: 0.2 | AK1: 58 | AL1: 35 | AM1: 45.35 | AN1: 47.65 | AP1: 41235 | AQ1: 0.09 | AR1: 1 | AS1: 1 | AT1: 0 | AU1: 39448 | AV1: 4 | AW1: TRUE | AX1: TRUE | AY1: 3 | AZ1: 1 | BA1: 6 | BB1: 33100 | BC1: 11 | BD1: 17 | BE1: 89 | BF1: 1 | BG1: 1 | BH1: a
A2: 2 | B2: 8 | C2: 7 | D2: 2 | E2: 2 | F2: аренда | G2: 2 | H2: 45658 | I2: 3000 | J2: 2750 | L2: 2 | M2: two | N2: 20 | P2: 3 | Q2: 4 | R2: 7 | S2: 8 | U2: Apple | V2: 18 | W2: 20 | X2: 14 | Y2: 105 | AA2: Apple | AB2: >10 | AC2: Pear | AD2: a* | AE2: Cherry | AF2: Plum | AH2: 1 | AI2: 0.3 | AK2: 11 | AL2: 25 | AM2: 17.56 | AN2: 18.44 | AP2: 41247 | AQ2: 0.11 | AR2: -0.5 | AS2: 2 | AT2: 10 | AU2: 39508 | AV2: 5 | AW2: FALSE | AX2: TRUE | AY2: 5 | AZ2: 2 | BA2: 7 | BB2: 47300 | BC2: 12 | BD2: 18 | BE2: 88 | BF2: 2 | BG2: 2
A3: abc | B3: 15 | C3: 11 | D3: abc | E3: =1/0 -> #DIV/0! | F3: Арендй | G3: 4 | H3: 45659 | I3: 4200 | J3: 4250 | L3: 3 | M3: three | N3: 30 | U3: Pear | V3: 12 | W3: 12 | X3: 10 | Y3: 96 | AH3: 2 | AI3: 0.1 | AK3: 10 | AL3: 23 | AM3: 16.09 | AN3: 16.91 | AP3: 41295 | AQ3: 0.1 | AR3: 0.041666667 | AS3: 2 | AT3: 20 | AU3: 39751 | AV3: 8 | AW3: abc | AX3: 1 | AY3: 7 | AZ3: 3 | BB3: 69000 | BC3: 13 | BE3: 92 | BF3: 2 | BG3: 3 | BH3: Б
A4: TRUE | B4: 16 | C4: 19 | D4: TRUE | E4: 4 | F4: Арeнда* | G4: 8 | H4: 45689 | I4: 6800 | J4: 3250 | L4: 5 | M4: five | N4: 50 | P4: 1 | Q4: 2 | R4: 3 | U4: Cherry | V4: 13 | W4: 14 | X4: 9 | Y4: 105 | AH4: 3 | AI4: 0.4 | AP4: 39778 | AR4: -0.0013888889 | AS4: a | AU4: 39859 | AV4: 7 | AY4: 10 | AZ4: 4 | BB4: 102000 | BC4: 14 | BE4: 101 | BF4: 3 | BG4: 4
A5: FALSE | B5: 23 | C5: 21 | E5: 5 | F5: x*y | G5: 16 | H5: 45717 | I5: 1200 | J5: 2750 | L5: 8 | M5: eight | N5: 80 | P5: 4 | Q5: 5 | R5: 6 | U5: Apple | V5: 14 | W5: 15 | X5: 10 | Y5: 75 | AK5: 58 | AL5: 35 | AP5: 39786 | AS5: A | AU5: 39904 | AV5: 11 | AY5: 11 | AZ5: 5 | BB5: 150000 | BC5: 15 | BE5: 94 | BF5: 5 | BG5: 3
A6: 45688 | B6: 42 | C6: 40 | D6: 5 | E6: 6 | F6: Чай | G6: 32 | H6: 45473 | L6: 13 | M6: thirteen | N6: 130 | U6: Pear | V6: 9 | W6: 8 | X6: 8 | Y6: 76.8 | AK6: 11 | AP6: 39834 | AS6: 3 | AV6: 4 | BB6: 220000 | BC6: 16 | BE6: 97 | BF6: 2 | BG6: 2
A7: =1/0 -> #DIV/0! | B7: -3.5 | C7: -1 | D7: FALSE | E7: 7 | F7: Чаи | G7: 64 | H7: 46022 | I7: -10000 | J7: 100 | U7: Apple | V7: 8 | W7: 9 | X7: 6 | Y7: 45 | AK7: TRUE | AL7: 23 | AP7: 38719 | AS7: 1 | AU7: 39508 | AV7: 3 | BE7: 95 | BG7: 1
A8: =NA() -> #N/A | B8: 10.25 | C8: 9 | D8: 3.5 | E8: 8 | I8: 3000 | J8: 200 | L8: 1 | M8: 2 | N8: 3 | O8: 5 | P8: 8 | Q8: 13 | AP8: 38733 | AS8: b | AU8: 39448 | BG8: 2
A9: Привет Мир | I9: 4200 | J9: 300 | L9: one | M9: two | N9: three | O9: five | P9: eight | Q9: thirteen | AK9: 58 | AL9: 35 | AU9: 39751 | BG9: 3
A10: 1.5 | J10: 400 | L10: 10 | M10: 20 | N10: 30 | O10: 50 | P10: 80 | Q10: 130 | AK10: 11 | AL10: =1/0 -> #DIV/0! | AU10: 39859 | BG10: 5
A11: 1,5 | I11: 6800 | J11: 500 | AK11: 10 | AL11: 23 | AU11: 39904 | BG11: 6
A12: 0 | BG12: 1
A13: ="" | I13: -10000
A14: =CHAR(9)&"abc"&CHAR(10) -> abc | I14: 3000
A15: 45688.75 | I15: =NA() -> #N/A
I16: 6800
I17: 1200

Sheet C
A1: {=0.5-0.4-0.1} -> 0 | B1: =IF(ISERROR(A1),ERROR.TYPE(A1),IF(ISNUMBER(A1),0,IF(ISLOGICAL(A1),IF(A1,-1,-2),IF(ISTEXT(A1),-3,-4)))) -> 0 | C1: =IF(ISNUMBER(A1),A1,0) -> 0 | D1: =IF(ISTEXT(A1),A1,"") | E1: last#1
A2: {=1*(0.5-0.4-0.1)} -> -2.7755576e-17 | B2: =IF(ISERROR(A2),ERROR.TYPE(A2),IF(ISNUMBER(A2),0,IF(ISLOGICAL(A2),IF(A2,-1,-2),IF(ISTEXT(A2),-3,-4)))) -> 0 | C2: =IF(ISNUMBER(A2),A2,0) -> -2.7755576e-17 | D2: =IF(ISTEXT(A2),A2,"") | E2: last#2
A3: {=(0.5-0.4-0.1)} -> -2.7755576e-17 | B3: =IF(ISERROR(A3),ERROR.TYPE(A3),IF(ISNUMBER(A3),0,IF(ISLOGICAL(A3),IF(A3,-1,-2),IF(ISTEXT(A3),-3,-4)))) -> 0 | C3: =IF(ISNUMBER(A3),A3,0) -> -2.7755576e-17 | D3: =IF(ISTEXT(A3),A3,"") | E3: last#3
A4: {=0.1+0.2-P!B1} -> 0 | B4: =IF(ISERROR(A4),ERROR.TYPE(A4),IF(ISNUMBER(A4),0,IF(ISLOGICAL(A4),IF(A4,-1,-2),IF(ISTEXT(A4),-3,-4)))) -> 0 | C4: =IF(ISNUMBER(A4),A4,0) -> 0 | D4: =IF(ISTEXT(A4),A4,"") | E4: last#4
A5: {=SUM(0.1,0.2)-P!B1} -> 0 | B5: =IF(ISERROR(A5),ERROR.TYPE(A5),IF(ISNUMBER(A5),0,IF(ISLOGICAL(A5),IF(A5,-1,-2),IF(ISTEXT(A5),-3,-4)))) -> 0 | C5: =IF(ISNUMBER(A5),A5,0) -> 0 | D5: =IF(ISTEXT(A5),A5,"") | E5: last#5
A6: {=-0.1-0.2+P!B1} -> 0 | B6: =IF(ISERROR(A6),ERROR.TYPE(A6),IF(ISNUMBER(A6),0,IF(ISLOGICAL(A6),IF(A6,-1,-2),IF(ISTEXT(A6),-3,-4)))) -> 0 | C6: =IF(ISNUMBER(A6),A6,0) -> 0 | D6: =IF(ISTEXT(A6),A6,"") | E6: last#6
A7: {=(0.1+0.2-P!B1)/1} -> 5.5511151e-17 | B7: =IF(ISERROR(A7),ERROR.TYPE(A7),IF(ISNUMBER(A7),0,IF(ISLOGICAL(A7),IF(A7,-1,-2),IF(ISTEXT(A7),-3,-4)))) -> 0 | C7: =IF(ISNUMBER(A7),A7,0) -> 5.5511151e-17 | D7: =IF(ISTEXT(A7),A7,"") | E7: last#7
A8: {=0.1+0.2-P!B1+0} -> 5.5511151e-17 | B8: =IF(ISERROR(A8),ERROR.TYPE(A8),IF(ISNUMBER(A8),0,IF(ISLOGICAL(A8),IF(A8,-1,-2),IF(ISTEXT(A8),-3,-4)))) -> 0 | C8: =IF(ISNUMBER(A8),A8,0) -> 5.5511151e-17 | D8: =IF(ISTEXT(A8),A8,"") | E8: last#8
A9: {=0+0.1+0.2-0.3} -> 0 | B9: =IF(ISERROR(A9),ERROR.TYPE(A9),IF(ISNUMBER(A9),0,IF(ISLOGICAL(A9),IF(A9,-1,-2),IF(ISTEXT(A9),-3,-4)))) -> 0 | C9: =IF(ISNUMBER(A9),A9,0) -> 0 | D9: =IF(ISTEXT(A9),A9,"") | E9: last#9
A10: {=0.1+0.2-0.3*1} -> 0 | B10: =IF(ISERROR(A10),ERROR.TYPE(A10),IF(ISNUMBER(A10),0,IF(ISLOGICAL(A10),IF(A10,-1,-2),IF(ISTEXT(A10),-3,-4)))) -> 0 | C10: =IF(ISNUMBER(A10),A10,0) -> 0 | D10: =IF(ISTEXT(A10),A10,"") | E10: last#10
A11: {=0.1+0.2-(0.3)} -> 0 | B11: =IF(ISERROR(A11),ERROR.TYPE(A11),IF(ISNUMBER(A11),0,IF(ISLOGICAL(A11),IF(A11,-1,-2),IF(ISTEXT(A11),-3,-4)))) -> 0 | C11: =IF(ISNUMBER(A11),A11,0) -> 0 | D11: =IF(ISTEXT(A11),A11,"") | E11: last#11
A12: {=(0.1+0.2)-0.3} -> 0 | B12: =IF(ISERROR(A12),ERROR.TYPE(A12),IF(ISNUMBER(A12),0,IF(ISLOGICAL(A12),IF(A12,-1,-2),IF(ISTEXT(A12),-3,-4)))) -> 0 | C12: =IF(ISNUMBER(A12),A12,0) -> 0 | D12: =IF(ISTEXT(A12),A12,"") | E12: last#12
A13: {=0.1-(0.3-0.2)} -> 0 | B13: =IF(ISERROR(A13),ERROR.TYPE(A13),IF(ISNUMBER(A13),0,IF(ISLOGICAL(A13),IF(A13,-1,-2),IF(ISTEXT(A13),-3,-4)))) -> 0 | C13: =IF(ISNUMBER(A13),A13,0) -> 0 | D13: =IF(ISTEXT(A13),A13,"") | E13: last#13
A14: {=P!B2+0.2-P!B1} -> 0 | B14: =IF(ISERROR(A14),ERROR.TYPE(A14),IF(ISNUMBER(A14),0,IF(ISLOGICAL(A14),IF(A14,-1,-2),IF(ISTEXT(A14),-3,-4)))) -> 0 | C14: =IF(ISNUMBER(A14),A14,0) -> 0 | D14: =IF(ISTEXT(A14),A14,"") | E14: last#14
A15: {=1-0.9-0.1} -> 0 | B15: =IF(ISERROR(A15),ERROR.TYPE(A15),IF(ISNUMBER(A15),0,IF(ISLOGICAL(A15),IF(A15,-1,-2),IF(ISTEXT(A15),-3,-4)))) -> 0 | C15: =IF(ISNUMBER(A15),A15,0) -> 0 | D15: =IF(ISTEXT(A15),A15,"") | E15: last#15
A16: {=0.3-0.2-0.1} -> 0 | B16: =IF(ISERROR(A16),ERROR.TYPE(A16),IF(ISNUMBER(A16),0,IF(ISLOGICAL(A16),IF(A16,-1,-2),IF(ISTEXT(A16),-3,-4)))) -> 0 | C16: =IF(ISNUMBER(A16),A16,0) -> 0 | D16: =IF(ISTEXT(A16),A16,"") | E16: last#16
A17: {=-0.3+0.1+0.2} -> 0 | B17: =IF(ISERROR(A17),ERROR.TYPE(A17),IF(ISNUMBER(A17),0,IF(ISLOGICAL(A17),IF(A17,-1,-2),IF(ISTEXT(A17),-3,-4)))) -> 0 | C17: =IF(ISNUMBER(A17),A17,0) -> 0 | D17: =IF(ISTEXT(A17),A17,"") | E17: last#17
A18: {=0.1*3-0.3} -> 0 | B18: =IF(ISERROR(A18),ERROR.TYPE(A18),IF(ISNUMBER(A18),0,IF(ISLOGICAL(A18),IF(A18,-1,-2),IF(ISTEXT(A18),-3,-4)))) -> 0 | C18: =IF(ISNUMBER(A18),A18,0) -> 0 | D18: =IF(ISTEXT(A18),A18,"") | E18: last#18
A19: {=TRUE-0.9-0.1} -> 0 | B19: =IF(ISERROR(A19),ERROR.TYPE(A19),IF(ISNUMBER(A19),0,IF(ISLOGICAL(A19),IF(A19,-1,-2),IF(ISTEXT(A19),-3,-4)))) -> 0 | C19: =IF(ISNUMBER(A19),A19,0) -> 0 | D19: =IF(ISTEXT(A19),A19,"") | E19: last#19
A20: {="0.1"+0.2-0.3} -> 0 | B20: =IF(ISERROR(A20),ERROR.TYPE(A20),IF(ISNUMBER(A20),0,IF(ISLOGICAL(A20),IF(A20,-1,-2),IF(ISTEXT(A20),-3,-4)))) -> 0 | C20: =IF(ISNUMBER(A20),A20,0) -> 0 | D20: =IF(ISTEXT(A20),A20,"") | E20: last#20
A21: {=50%-0.4-0.1} -> 0 | B21: =IF(ISERROR(A21),ERROR.TYPE(A21),IF(ISNUMBER(A21),0,IF(ISLOGICAL(A21),IF(A21,-1,-2),IF(ISTEXT(A21),-3,-4)))) -> 0 | C21: =IF(ISNUMBER(A21),A21,0) -> 0 | D21: =IF(ISTEXT(A21),A21,"") | E21: last#21
A22: {=-(0.1+0.2-0.3)} -> -5.5511151e-17 | B22: =IF(ISERROR(A22),ERROR.TYPE(A22),IF(ISNUMBER(A22),0,IF(ISLOGICAL(A22),IF(A22,-1,-2),IF(ISTEXT(A22),-3,-4)))) -> 0 | C22: =IF(ISNUMBER(A22),A22,0) -> -5.5511151e-17 | D22: =IF(ISTEXT(A22),A22,"") | E22: last#22
A23: {=0.1+0.2-0.3} -> 0 | B23: =IF(ISERROR(A23),ERROR.TYPE(A23),IF(ISNUMBER(A23),0,IF(ISLOGICAL(A23),IF(A23,-1,-2),IF(ISTEXT(A23),-3,-4)))) -> 0 | C23: =IF(ISNUMBER(A23),A23,0) -> 0 | D23: =IF(ISTEXT(A23),A23,"") | E23: last#23
A24: {=+(0.1+0.2-0.3)} -> 5.5511151e-17 | B24: =IF(ISERROR(A24),ERROR.TYPE(A24),IF(ISNUMBER(A24),0,IF(ISLOGICAL(A24),IF(A24,-1,-2),IF(ISTEXT(A24),-3,-4)))) -> 0 | C24: =IF(ISNUMBER(A24),A24,0) -> 5.5511151e-17 | D24: =IF(ISTEXT(A24),A24,"") | E24: last#24
A25: {=(0.1+0.2-0.3)+0} -> 5.5511151e-17 | B25: =IF(ISERROR(A25),ERROR.TYPE(A25),IF(ISNUMBER(A25),0,IF(ISLOGICAL(A25),IF(A25,-1,-2),IF(ISTEXT(A25),-3,-4)))) -> 0 | C25: =IF(ISNUMBER(A25),A25,0) -> 5.5511151e-17 | D25: =IF(ISTEXT(A25),A25,"") | E25: last#25
A26: {=0-(0.1+0.2-0.3)} -> -5.5511151e-17 | B26: =IF(ISERROR(A26),ERROR.TYPE(A26),IF(ISNUMBER(A26),0,IF(ISLOGICAL(A26),IF(A26,-1,-2),IF(ISTEXT(A26),-3,-4)))) -> 0 | C26: =IF(ISNUMBER(A26),A26,0) -> -5.5511151e-17 | D26: =IF(ISTEXT(A26),A26,"") | E26: last#26
A27: {=0.00000000000000002-0.00000000000000001} -> 1e-17 | B27: =IF(ISERROR(A27),ERROR.TYPE(A27),IF(ISNUMBER(A27),0,IF(ISLOGICAL(A27),IF(A27,-1,-2),IF(ISTEXT(A27),-3,-4)))) -> 0 | C27: =IF(ISNUMBER(A27),A27,0) -> 1e-17 | D27: =IF(ISTEXT(A27),A27,"") | E27: last#27
A28: {=1000000000000000+0.3-1000000000000000} -> 0 | B28: =IF(ISERROR(A28),ERROR.TYPE(A28),IF(ISNUMBER(A28),0,IF(ISLOGICAL(A28),IF(A28,-1,-2),IF(ISTEXT(A28),-3,-4)))) -> 0 | C28: =IF(ISNUMBER(A28),A28,0) -> 0 | D28: =IF(ISTEXT(A28),A28,"") | E28: last#28
A29: {=SUM(0.1,0.2,-0.3)} -> 0 | B29: =IF(ISERROR(A29),ERROR.TYPE(A29),IF(ISNUMBER(A29),0,IF(ISLOGICAL(A29),IF(A29,-1,-2),IF(ISTEXT(A29),-3,-4)))) -> 0 | C29: =IF(ISNUMBER(A29),A29,0) -> 0 | D29: =IF(ISTEXT(A29),A29,"") | E29: last#29
A30: {=SUM(0.1,0.2)-0.3} -> 0 | B30: =IF(ISERROR(A30),ERROR.TYPE(A30),IF(ISNUMBER(A30),0,IF(ISLOGICAL(A30),IF(A30,-1,-2),IF(ISTEXT(A30),-3,-4)))) -> 0 | C30: =IF(ISNUMBER(A30),A30,0) -> 0 | D30: =IF(ISTEXT(A30),A30,"") | E30: last#30
A31: {=ROUND(0.1+0.2-0.3,30)} -> 5.5511151e-17 | B31: =IF(ISERROR(A31),ERROR.TYPE(A31),IF(ISNUMBER(A31),0,IF(ISLOGICAL(A31),IF(A31,-1,-2),IF(ISTEXT(A31),-3,-4)))) -> 0 | C31: =IF(ISNUMBER(A31),A31,0) -> 5.5511151e-17 | D31: =IF(ISTEXT(A31),A31,"") | E31: last#31
A32: {=ABS(0.1+0.2-0.3)} -> 5.5511151e-17 | B32: =IF(ISERROR(A32),ERROR.TYPE(A32),IF(ISNUMBER(A32),0,IF(ISLOGICAL(A32),IF(A32,-1,-2),IF(ISTEXT(A32),-3,-4)))) -> 0 | C32: =IF(ISNUMBER(A32),A32,0) -> 5.5511151e-17 | D32: =IF(ISTEXT(A32),A32,"") | E32: last#32
A33: {=IF(TRUE,0.1+0.2-0.3)} -> 5.5511151e-17 | B33: =IF(ISERROR(A33),ERROR.TYPE(A33),IF(ISNUMBER(A33),0,IF(ISLOGICAL(A33),IF(A33,-1,-2),IF(ISTEXT(A33),-3,-4)))) -> 0 | C33: =IF(ISNUMBER(A33),A33,0) -> 5.5511151e-17 | D33: =IF(ISTEXT(A33),A33,"") | E33: last#33
A34: {=_xlfn.LET(_xlpm.x,0.1,_xlpm.x+0.2-0.3)} -> 5.5511151e-17 | B34: =IF(ISERROR(A34),ERROR.TYPE(A34),IF(ISNUMBER(A34),0,IF(ISLOGICAL(A34),IF(A34,-1,-2),IF(ISTEXT(A34),-3,-4)))) -> 0 | C34: =IF(ISNUMBER(A34),A34,0) -> 5.5511151e-17 | D34: =IF(ISTEXT(A34),A34,"") | E34: last#34
A35: {=0.1+0.2-0.3&""} -> 5.55111512312578E-17 | B35: =IF(ISERROR(A35),ERROR.TYPE(A35),IF(ISNUMBER(A35),0,IF(ISLOGICAL(A35),IF(A35,-1,-2),IF(ISTEXT(A35),-3,-4)))) -> -3 | C35: =IF(ISNUMBER(A35),A35,0) -> 0 | D35: =IF(ISTEXT(A35),A35,"") -> 5.55111512312578E-17 | E35: last#35
A36: {=P!A1*2^60} -> 0 | B36: =IF(ISERROR(A36),ERROR.TYPE(A36),IF(ISNUMBER(A36),0,IF(ISLOGICAL(A36),IF(A36,-1,-2),IF(ISTEXT(A36),-3,-4)))) -> 0 | C36: =IF(ISNUMBER(A36),A36,0) -> 0 | D36: =IF(ISTEXT(A36),A36,"") | E36: stored#1
A37: {=P!A2*2^60} -> -32 | B37: =IF(ISERROR(A37),ERROR.TYPE(A37),IF(ISNUMBER(A37),0,IF(ISLOGICAL(A37),IF(A37,-1,-2),IF(ISTEXT(A37),-3,-4)))) -> 0 | C37: =IF(ISNUMBER(A37),A37,0) -> -32 | D37: =IF(ISTEXT(A37),A37,"") | E37: stored#2
A38: {=P!A3*2^60} -> -32 | B38: =IF(ISERROR(A38),ERROR.TYPE(A38),IF(ISNUMBER(A38),0,IF(ISLOGICAL(A38),IF(A38,-1,-2),IF(ISTEXT(A38),-3,-4)))) -> 0 | C38: =IF(ISNUMBER(A38),A38,0) -> -32 | D38: =IF(ISTEXT(A38),A38,"") | E38: stored#3
A39: {=P!A4*2^60} -> 0 | B39: =IF(ISERROR(A39),ERROR.TYPE(A39),IF(ISNUMBER(A39),0,IF(ISLOGICAL(A39),IF(A39,-1,-2),IF(ISTEXT(A39),-3,-4)))) -> 0 | C39: =IF(ISNUMBER(A39),A39,0) -> 0 | D39: =IF(ISTEXT(A39),A39,"") | E39: stored#4
A40: {=P!A5*2^60} -> 0 | B40: =IF(ISERROR(A40),ERROR.TYPE(A40),IF(ISNUMBER(A40),0,IF(ISLOGICAL(A40),IF(A40,-1,-2),IF(ISTEXT(A40),-3,-4)))) -> 0 | C40: =IF(ISNUMBER(A40),A40,0) -> 0 | D40: =IF(ISTEXT(A40),A40,"") | E40: stored#5
A41: {=P!A6*2^60} -> 0 | B41: =IF(ISERROR(A41),ERROR.TYPE(A41),IF(ISNUMBER(A41),0,IF(ISLOGICAL(A41),IF(A41,-1,-2),IF(ISTEXT(A41),-3,-4)))) -> 0 | C41: =IF(ISNUMBER(A41),A41,0) -> 0 | D41: =IF(ISTEXT(A41),A41,"") | E41: stored#6
A42: {=P!A7*2^60} -> 64 | B42: =IF(ISERROR(A42),ERROR.TYPE(A42),IF(ISNUMBER(A42),0,IF(ISLOGICAL(A42),IF(A42,-1,-2),IF(ISTEXT(A42),-3,-4)))) -> 0 | C42: =IF(ISNUMBER(A42),A42,0) -> 64 | D42: =IF(ISTEXT(A42),A42,"") | E42: stored#7
A43: {=P!A8*2^60} -> 64 | B43: =IF(ISERROR(A43),ERROR.TYPE(A43),IF(ISNUMBER(A43),0,IF(ISLOGICAL(A43),IF(A43,-1,-2),IF(ISTEXT(A43),-3,-4)))) -> 0 | C43: =IF(ISNUMBER(A43),A43,0) -> 64 | D43: =IF(ISTEXT(A43),A43,"") | E43: stored#8
A44: {=P!A9*2^60} -> 0 | B44: =IF(ISERROR(A44),ERROR.TYPE(A44),IF(ISNUMBER(A44),0,IF(ISLOGICAL(A44),IF(A44,-1,-2),IF(ISTEXT(A44),-3,-4)))) -> 0 | C44: =IF(ISNUMBER(A44),A44,0) -> 0 | D44: =IF(ISTEXT(A44),A44,"") | E44: stored#9
A45: {=P!A10*2^60} -> 0 | B45: =IF(ISERROR(A45),ERROR.TYPE(A45),IF(ISNUMBER(A45),0,IF(ISLOGICAL(A45),IF(A45,-1,-2),IF(ISTEXT(A45),-3,-4)))) -> 0 | C45: =IF(ISNUMBER(A45),A45,0) -> 0 | D45: =IF(ISTEXT(A45),A45,"") | E45: stored#10
A46: {=P!A11*2^60} -> 0 | B46: =IF(ISERROR(A46),ERROR.TYPE(A46),IF(ISNUMBER(A46),0,IF(ISLOGICAL(A46),IF(A46,-1,-2),IF(ISTEXT(A46),-3,-4)))) -> 0 | C46: =IF(ISNUMBER(A46),A46,0) -> 0 | D46: =IF(ISTEXT(A46),A46,"") | E46: stored#11
A47: {=P!A12*2^60} -> 0 | B47: =IF(ISERROR(A47),ERROR.TYPE(A47),IF(ISNUMBER(A47),0,IF(ISLOGICAL(A47),IF(A47,-1,-2),IF(ISTEXT(A47),-3,-4)))) -> 0 | C47: =IF(ISNUMBER(A47),A47,0) -> 0 | D47: =IF(ISTEXT(A47),A47,"") | E47: stored#12
... A69: {=P!A34*2^60} -> 64 | B69: =IF(ISERROR(A69),ERROR.TYPE(A69),IF(ISNUMBER(A69),0,IF(ISLOGICAL(A69),IF(A69,-1,-2),IF(ISTEXT(A69),-3,-4)))) -> 0 | C69: =IF(ISNUMBER(A69),A69,0) -> 64 | D69: =IF(ISTEXT(A69),A69,"") | E69: stored#34
A70: {=P!D1*2^60} -> 0 | B70: =IF(ISERROR(A70),ERROR.TYPE(A70),IF(ISNUMBER(A70),0,IF(ISLOGICAL(A70),IF(A70,-1,-2),IF(ISTEXT(A70),-3,-4)))) -> 0 | C70: =IF(ISNUMBER(A70),A70,0) -> 0 | D70: =IF(ISTEXT(A70),A70,"") | E70: array#1
A71: {=P!E1*2^60} -> 4.611686e+17 | B71: =IF(ISERROR(A71),ERROR.TYPE(A71),IF(ISNUMBER(A71),0,IF(ISLOGICAL(A71),IF(A71,-1,-2),IF(ISTEXT(A71),-3,-4)))) -> 0 | C71: =IF(ISNUMBER(A71),A71,0) -> 4.611686e+17 | D71: =IF(ISTEXT(A71),A71,"") | E71: array#2
A72: {=P!D3*2^60} -> 0 | B72: =IF(ISERROR(A72),ERROR.TYPE(A72),IF(ISNUMBER(A72),0,IF(ISLOGICAL(A72),IF(A72,-1,-2),IF(ISTEXT(A72),-3,-4)))) -> 0 | C72: =IF(ISNUMBER(A72),A72,0) -> 0 | D72: =IF(ISTEXT(A72),A72,"") | E72: array#3
A73: {=P!A35/2^-52} -> 0 | B73: =IF(ISERROR(A73),ERROR.TYPE(A73),IF(ISNUMBER(A73),0,IF(ISLOGICAL(A73),IF(A73,-1,-2),IF(ISTEXT(A73),-3,-4)))) -> 0 | C73: =IF(ISNUMBER(A73),A73,0) -> 0 | D73: =IF(ISTEXT(A73),A73,"") | E73: sweep:1#1
A74: {=P!A36/2^-52} -> 0 | B74: =IF(ISERROR(A74),ERROR.TYPE(A74),IF(ISNUMBER(A74),0,IF(ISLOGICAL(A74),IF(A74,-1,-2),IF(ISTEXT(A74),-3,-4)))) -> 0 | C74: =IF(ISNUMBER(A74),A74,0) -> 0 | D74: =IF(ISTEXT(A74),A74,"") | E74: sweep:1#2
A75: {=P!A37/2^-52} -> 0 | B75: =IF(ISERROR(A75),ERROR.TYPE(A75),IF(ISNUMBER(A75),0,IF(ISLOGICAL(A75),IF(A75,-1,-2),IF(ISTEXT(A75),-3,-4)))) -> 0 | C75: =IF(ISNUMBER(A75),A75,0) -> 0 | D75: =IF(ISTEXT(A75),A75,"") | E75: sweep:1#3
A76: {=P!A38/2^-52} -> 0 | B76: =IF(ISERROR(A76),ERROR.TYPE(A76),IF(ISNUMBER(A76),0,IF(ISLOGICAL(A76),IF(A76,-1,-2),IF(ISTEXT(A76),-3,-4)))) -> 0 | C76: =IF(ISNUMBER(A76),A76,0) -> 0 | D76: =IF(ISTEXT(A76),A76,"") | E76: sweep:1#4
A77: {=P!A39/2^-52} -> 0 | B77: =IF(ISERROR(A77),ERROR.TYPE(A77),IF(ISNUMBER(A77),0,IF(ISLOGICAL(A77),IF(A77,-1,-2),IF(ISTEXT(A77),-3,-4)))) -> 0 | C77: =IF(ISNUMBER(A77),A77,0) -> 0 | D77: =IF(ISTEXT(A77),A77,"") | E77: sweep:1#5
A78: {=P!A40/2^-52} -> 0 | B78: =IF(ISERROR(A78),ERROR.TYPE(A78),IF(ISNUMBER(A78),0,IF(ISLOGICAL(A78),IF(A78,-1,-2),IF(ISTEXT(A78),-3,-4)))) -> 0 | C78: =IF(ISNUMBER(A78),A78,0) -> 0 | D78: =IF(ISTEXT(A78),A78,"") | E78: sweep:1#6
A79: {=P!A41/2^-52} -> 0 | B79: =IF(ISERROR(A79),ERROR.TYPE(A79),IF(ISNUMBER(A79),0,IF(ISLOGICAL(A79),IF(A79,-1,-2),IF(ISTEXT(A79),-3,-4)))) -> 0 | C79: =IF(ISNUMBER(A79),A79,0) -> 0 | D79: =IF(ISTEXT(A79),A79,"") | E79: sweep:1#7
A80: {=P!A42/2^-52} -> 8 | B80: =IF(ISERROR(A80),ERROR.TYPE(A80),IF(ISNUMBER(A80),0,IF(ISLOGICAL(A80),IF(A80,-1,-2),IF(ISTEXT(A80),-3,-4)))) -> 0 | C80: =IF(ISNUMBER(A80),A80,0) -> 8 | D80: =IF(ISTEXT(A80),A80,"") | E80: sweep:1#8
A81: {=P!A43/2^-52} -> 9 | B81: =IF(ISERROR(A81),ERROR.TYPE(A81),IF(ISNUMBER(A81),0,IF(ISLOGICAL(A81),IF(A81,-1,-2),IF(ISTEXT(A81),-3,-4)))) -> 0 | C81: =IF(ISNUMBER(A81),A81,0) -> 9 | D81: =IF(ISTEXT(A81),A81,"") | E81: sweep:1#9
A82: {=P!A44/2^-52} -> 10 | B82: =IF(ISERROR(A82),ERROR.TYPE(A82),IF(ISNUMBER(A82),0,IF(ISLOGICAL(A82),IF(A82,-1,-2),IF(ISTEXT(A82),-3,-4)))) -> 0 | C82: =IF(ISNUMBER(A82),A82,0) -> 10 | D82: =IF(ISTEXT(A82),A82,"") | E82: sweep:1#10
A83: {=P!A45/2^-52} -> 11 | B83: =IF(ISERROR(A83),ERROR.TYPE(A83),IF(ISNUMBER(A83),0,IF(ISLOGICAL(A83),IF(A83,-1,-2),IF(ISTEXT(A83),-3,-4)))) -> 0 | C83: =IF(ISNUMBER(A83),A83,0) -> 11 | D83: =IF(ISTEXT(A83),A83,"") | E83: sweep:1#11
A84: {=P!A46/2^-52} -> 12 | B84: =IF(ISERROR(A84),ERROR.TYPE(A84),IF(ISNUMBER(A84),0,IF(ISLOGICAL(A84),IF(A84,-1,-2),IF(ISTEXT(A84),-3,-4)))) -> 0 | C84: =IF(ISNUMBER(A84),A84,0) -> 12 | D84: =IF(ISTEXT(A84),A84,"") | E84: sweep:1#12
... A112: {=P!A74/2^-52} -> 20 | B112: =IF(ISERROR(A112),ERROR.TYPE(A112),IF(ISNUMBER(A112),0,IF(ISLOGICAL(A112),IF(A112,-1,-2),IF(ISTEXT(A112),-3,-4)))) -> 0 | C112: =IF(ISNUMBER(A112),A112,0) -> 20 | D112: =IF(ISTEXT(A112),A112,"") | E112: sweep:1.9#20
A113: {=P!A75/2^-49} -> 0 | B113: =IF(ISERROR(A113),ERROR.TYPE(A113),IF(ISNUMBER(A113),0,IF(ISLOGICAL(A113),IF(A113,-1,-2),IF(ISTEXT(A113),-3,-4)))) -> 0 | C113: =IF(ISNUMBER(A113),A113,0) -> 0 | D113: =IF(ISTEXT(A113),A113,"") | E113: sweep:9.5#1
A114: {=P!A76/2^-49} -> 0 | B114: =IF(ISERROR(A114),ERROR.TYPE(A114),IF(ISNUMBER(A114),0,IF(ISLOGICAL(A114),IF(A114,-1,-2),IF(ISTEXT(A114),-3,-4)))) -> 0 | C114: =IF(ISNUMBER(A114),A114,0) -> 0 | D114: =IF(ISTEXT(A114),A114,"") | E114: sweep:9.5#2
A115: {=P!A77/2^-49} -> 0 | B115: =IF(ISERROR(A115),ERROR.TYPE(A115),IF(ISNUMBER(A115),0,IF(ISLOGICAL(A115),IF(A115,-1,-2),IF(ISTEXT(A115),-3,-4)))) -> 0 | C115: =IF(ISNUMBER(A115),A115,0) -> 0 | D115: =IF(ISTEXT(A115),A115,"") | E115: sweep:9.5#3
A116: {=P!A78/2^-49} -> 0 | B116: =IF(ISERROR(A116),ERROR.TYPE(A116),IF(ISNUMBER(A116),0,IF(ISLOGICAL(A116),IF(A116,-1,-2),IF(ISTEXT(A116),-3,-4)))) -> 0 | C116: =IF(ISNUMBER(A116),A116,0) -> 0 | D116: =IF(ISTEXT(A116),A116,"") | E116: sweep:9.5#4
A117: {=P!A79/2^-49} -> 0 | B117: =IF(ISERROR(A117),ERROR.TYPE(A117),IF(ISNUMBER(A117),0,IF(ISLOGICAL(A117),IF(A117,-1,-2),IF(ISTEXT(A117),-3,-4)))) -> 0 | C117: =IF(ISNUMBER(A117),A117,0) -> 0 | D117: =IF(ISTEXT(A117),A117,"") | E117: sweep:9.5#5
A118: {=P!A80/2^-49} -> 0 | B118: =IF(ISERROR(A118),ERROR.TYPE(A118),IF(ISNUMBER(A118),0,IF(ISLOGICAL(A118),IF(A118,-1,-2),IF(ISTEXT(A118),-3,-4)))) -> 0 | C118: =IF(ISNUMBER(A118),A118,0) -> 0 | D118: =IF(ISTEXT(A118),A118,"") | E118: sweep:9.5#6
A119: {=P!A81/2^-49} -> 0 | B119: =IF(ISERROR(A119),ERROR.TYPE(A119),IF(ISNUMBER(A119),0,IF(ISLOGICAL(A119),IF(A119,-1,-2),IF(ISTEXT(A119),-3,-4)))) -> 0 | C119: =IF(ISNUMBER(A119),A119,0) -> 0 | D119: =IF(ISTEXT(A119),A119,"") | E119: sweep:9.5#7
A120: {=P!A82/2^-49} -> 8 | B120: =IF(ISERROR(A120),ERROR.TYPE(A120),IF(ISNUMBER(A120),0,IF(ISLOGICAL(A120),IF(A120,-1,-2),IF(ISTEXT(A120),-3,-4)))) -> 0 | C120: =IF(ISNUMBER(A120),A120,0) -> 8 | D120: =IF(ISTEXT(A120),A120,"") | E120: sweep:9.5#8
A121: {=P!A83/2^-49} -> 9 | B121: =IF(ISERROR(A121),ERROR.TYPE(A121),IF(ISNUMBER(A121),0,IF(ISLOGICAL(A121),IF(A121,-1,-2),IF(ISTEXT(A121),-3,-4)))) -> 0 | C121: =IF(ISNUMBER(A121),A121,0) -> 9 | D121: =IF(ISTEXT(A121),A121,"") | E121: sweep:9.5#9
A122: {=P!A84/2^-49} -> 10 | B122: =IF(ISERROR(A122),ERROR.TYPE(A122),IF(ISNUMBER(A122),0,IF(ISLOGICAL(A122),IF(A122,-1,-2),IF(ISTEXT(A122),-3,-4)))) -> 0 | C122: =IF(ISNUMBER(A122),A122,0) -> 10 | D122: =IF(ISTEXT(A122),A122,"") | E122: sweep:9.5#10
A123: {=P!A85/2^-49} -> 11 | B123: =IF(ISERROR(A123),ERROR.TYPE(A123),IF(ISNUMBER(A123),0,IF(ISLOGICAL(A123),IF(A123,-1,-2),IF(ISTEXT(A123),-3,-4)))) -> 0 | C123: =IF(ISNUMBER(A123),A123,0) -> 11 | D123: =IF(ISTEXT(A123),A123,"") | E123: sweep:9.5#11
A124: {=P!A86/2^-49} -> 12 | B124: =IF(ISERROR(A124),ERROR.TYPE(A124),IF(ISNUMBER(A124),0,IF(ISLOGICAL(A124),IF(A124,-1,-2),IF(ISTEXT(A124),-3,-4)))) -> 0 | C124: =IF(ISNUMBER(A124),A124,0) -> 12 | D124: =IF(ISTEXT(A124),A124,"") | E124: sweep:9.5#12
... A132: {=P!A94/2^-49} -> 20 | B132: =IF(ISERROR(A132),ERROR.TYPE(A132),IF(ISNUMBER(A132),0,IF(ISLOGICAL(A132),IF(A132,-1,-2),IF(ISTEXT(A132),-3,-4)))) -> 0 | C132: =IF(ISNUMBER(A132),A132,0) -> 20 | D132: =IF(ISTEXT(A132),A132,"") | E132: sweep:9.5#20
A133: {=P!A95/0.125} -> 0 | B133: =IF(ISERROR(A133),ERROR.TYPE(A133),IF(ISNUMBER(A133),0,IF(ISLOGICAL(A133),IF(A133,-1,-2),IF(ISTEXT(A133),-3,-4)))) -> 0 | C133: =IF(ISNUMBER(A133),A133,0) -> 0 | D133: =IF(ISTEXT(A133),A133,"") | E133: sweep:1E+15#1
A134: {=P!A96/0.125} -> 0 | B134: =IF(ISERROR(A134),ERROR.TYPE(A134),IF(ISNUMBER(A134),0,IF(ISLOGICAL(A134),IF(A134,-1,-2),IF(ISTEXT(A134),-3,-4)))) -> 0 | C134: =IF(ISNUMBER(A134),A134,0) -> 0 | D134: =IF(ISTEXT(A134),A134,"") | E134: sweep:1E+15#2
A135: {=P!A97/0.125} -> 0 | B135: =IF(ISERROR(A135),ERROR.TYPE(A135),IF(ISNUMBER(A135),0,IF(ISLOGICAL(A135),IF(A135,-1,-2),IF(ISTEXT(A135),-3,-4)))) -> 0 | C135: =IF(ISNUMBER(A135),A135,0) -> 0 | D135: =IF(ISTEXT(A135),A135,"") | E135: sweep:1E+15#3
A136: {=P!A98/0.125} -> 0 | B136: =IF(ISERROR(A136),ERROR.TYPE(A136),IF(ISNUMBER(A136),0,IF(ISLOGICAL(A136),IF(A136,-1,-2),IF(ISTEXT(A136),-3,-4)))) -> 0 | C136: =IF(ISNUMBER(A136),A136,0) -> 0 | D136: =IF(ISTEXT(A136),A136,"") | E136: sweep:1E+15#4
A137: {=P!A99/0.125} -> 0 | B137: =IF(ISERROR(A137),ERROR.TYPE(A137),IF(ISNUMBER(A137),0,IF(ISLOGICAL(A137),IF(A137,-1,-2),IF(ISTEXT(A137),-3,-4)))) -> 0 | C137: =IF(ISNUMBER(A137),A137,0) -> 0 | D137: =IF(ISTEXT(A137),A137,"") | E137: sweep:1E+15#5
A138: {=P!A100/0.125} -> 0 | B138: =IF(ISERROR(A138),ERROR.TYPE(A138),IF(ISNUMBER(A138),0,IF(ISLOGICAL(A138),IF(A138,-1,-2),IF(ISTEXT(A138),-3,-4)))) -> 0 | C138: =IF(ISNUMBER(A138),A138,0) -> 0 | D138: =IF(ISTEXT(A138),A138,"") | E138: sweep:1E+15#6
A139: {=P!A101/0.125} -> 0 | B139: =IF(ISERROR(A139),ERROR.TYPE(A139),IF(ISNUMBER(A139),0,IF(ISLOGICAL(A139),IF(A139,-1,-2),IF(ISTEXT(A139),-3,-4)))) -> 0 | C139: =IF(ISNUMBER(A139),A139,0) -> 0 | D139: =IF(ISTEXT(A139),A139,"") | E139: sweep:1E+15#7
A140: {=P!A102/0.125} -> 8 | B140: =IF(ISERROR(A140),ERROR.TYPE(A140),IF(ISNUMBER(A140),0,IF(ISLOGICAL(A140),IF(A140,-1,-2),IF(ISTEXT(A140),-3,-4)))) -> 0 | C140: =IF(ISNUMBER(A140),A140,0) -> 8 | D140: =IF(ISTEXT(A140),A140,"") | E140: sweep:1E+15#8
A141: {=P!A103/0.125} -> 9 | B141: =IF(ISERROR(A141),ERROR.TYPE(A141),IF(ISNUMBER(A141),0,IF(ISLOGICAL(A141),IF(A141,-1,-2),IF(ISTEXT(A141),-3,-4)))) -> 0 | C141: =IF(ISNUMBER(A141),A141,0) -> 9 | D141: =IF(ISTEXT(A141),A141,"") | E141: sweep:1E+15#9
A142: {=P!A104/0.125} -> 10 | B142: =IF(ISERROR(A142),ERROR.TYPE(A142),IF(ISNUMBER(A142),0,IF(ISLOGICAL(A142),IF(A142,-1,-2),IF(ISTEXT(A142),-3,-4)))) -> 0 | C142: =IF(ISNUMBER(A142),A142,0) -> 10 | D142: =IF(ISTEXT(A142),A142,"") | E142: sweep:1E+15#10
A143: {=P!A105/0.125} -> 11 | B143: =IF(ISERROR(A143),ERROR.TYPE(A143),IF(ISNUMBER(A143),0,IF(ISLOGICAL(A143),IF(A143,-1,-2),IF(ISTEXT(A143),-3,-4)))) -> 0 | C143: =IF(ISNUMBER(A143),A143,0) -> 11 | D143: =IF(ISTEXT(A143),A143,"") | E143: sweep:1E+15#11
A144: {=P!A106/0.125} -> 12 | B144: =IF(ISERROR(A144),ERROR.TYPE(A144),IF(ISNUMBER(A144),0,IF(ISLOGICAL(A144),IF(A144,-1,-2),IF(ISTEXT(A144),-3,-4)))) -> 0 | C144: =IF(ISNUMBER(A144),A144,0) -> 12 | D144: =IF(ISTEXT(A144),A144,"") | E144: sweep:1E+15#12
... A152: {=P!A114/0.125} -> 20 | B152: =IF(ISERROR(A152),ERROR.TYPE(A152),IF(ISNUMBER(A152),0,IF(ISLOGICAL(A152),IF(A152,-1,-2),IF(ISTEXT(A152),-3,-4)))) -> 0 | C152: =IF(ISNUMBER(A152),A152,0) -> 20 | D152: =IF(ISTEXT(A152),A152,"") | E152: sweep:1E+15#20
A153: {=P!A115/2^-717} -> 0 | B153: =IF(ISERROR(A153),ERROR.TYPE(A153),IF(ISNUMBER(A153),0,IF(ISLOGICAL(A153),IF(A153,-1,-2),IF(ISTEXT(A153),-3,-4)))) -> 0 | C153: =IF(ISNUMBER(A153),A153,0) -> 0 | D153: =IF(ISTEXT(A153),A153,"") | E153: sweep:1E-200#1
A154: {=P!A116/2^-717} -> 0 | B154: =IF(ISERROR(A154),ERROR.TYPE(A154),IF(ISNUMBER(A154),0,IF(ISLOGICAL(A154),IF(A154,-1,-2),IF(ISTEXT(A154),-3,-4)))) -> 0 | C154: =IF(ISNUMBER(A154),A154,0) -> 0 | D154: =IF(ISTEXT(A154),A154,"") | E154: sweep:1E-200#2
A155: {=P!A117/2^-717} -> 0 | B155: =IF(ISERROR(A155),ERROR.TYPE(A155),IF(ISNUMBER(A155),0,IF(ISLOGICAL(A155),IF(A155,-1,-2),IF(ISTEXT(A155),-3,-4)))) -> 0 | C155: =IF(ISNUMBER(A155),A155,0) -> 0 | D155: =IF(ISTEXT(A155),A155,"") | E155: sweep:1E-200#3
A156: {=P!A118/2^-717} -> 0 | B156: =IF(ISERROR(A156),ERROR.TYPE(A156),IF(ISNUMBER(A156),0,IF(ISLOGICAL(A156),IF(A156,-1,-2),IF(ISTEXT(A156),-3,-4)))) -> 0 | C156: =IF(ISNUMBER(A156),A156,0) -> 0 | D156: =IF(ISTEXT(A156),A156,"") | E156: sweep:1E-200#4
A157: {=P!A119/2^-717} -> 0 | B157: =IF(ISERROR(A157),ERROR.TYPE(A157),IF(ISNUMBER(A157),0,IF(ISLOGICAL(A157),IF(A157,-1,-2),IF(ISTEXT(A157),-3,-4)))) -> 0 | C157: =IF(ISNUMBER(A157),A157,0) -> 0 | D157: =IF(ISTEXT(A157),A157,"") | E157: sweep:1E-200#5
A158: {=P!A120/2^-717} -> 0 | B158: =IF(ISERROR(A158),ERROR.TYPE(A158),IF(ISNUMBER(A158),0,IF(ISLOGICAL(A158),IF(A158,-1,-2),IF(ISTEXT(A158),-3,-4)))) -> 0 | C158: =IF(ISNUMBER(A158),A158,0) -> 0 | D158: =IF(ISTEXT(A158),A158,"") | E158: sweep:1E-200#6
A159: {=P!A121/2^-717} -> 0 | B159: =IF(ISERROR(A159),ERROR.TYPE(A159),IF(ISNUMBER(A159),0,IF(ISLOGICAL(A159),IF(A159,-1,-2),IF(ISTEXT(A159),-3,-4)))) -> 0 | C159: =IF(ISNUMBER(A159),A159,0) -> 0 | D159: =IF(ISTEXT(A159),A159,"") | E159: sweep:1E-200#7
A160: {=P!A122/2^-717} -> 8 | B160: =IF(ISERROR(A160),ERROR.TYPE(A160),IF(ISNUMBER(A160),0,IF(ISLOGICAL(A160),IF(A160,-1,-2),IF(ISTEXT(A160),-3,-4)))) -> 0 | C160: =IF(ISNUMBER(A160),A160,0) -> 8 | D160: =IF(ISTEXT(A160),A160,"") | E160: sweep:1E-200#8
A161: {=P!A123/2^-717} -> 9 | B161: =IF(ISERROR(A161),ERROR.TYPE(A161),IF(ISNUMBER(A161),0,IF(ISLOGICAL(A161),IF(A161,-1,-2),IF(ISTEXT(A161),-3,-4)))) -> 0 | C161: =IF(ISNUMBER(A161),A161,0) -> 9 | D161: =IF(ISTEXT(A161),A161,"") | E161: sweep:1E-200#9
A162: {=P!A124/2^-717} -> 10 | B162: =IF(ISERROR(A162),ERROR.TYPE(A162),IF(ISNUMBER(A162),0,IF(ISLOGICAL(A162),IF(A162,-1,-2),IF(ISTEXT(A162),-3,-4)))) -> 0 | C162: =IF(ISNUMBER(A162),A162,0) -> 10 | D162: =IF(ISTEXT(A162),A162,"") | E162: sweep:1E-200#10
...
