Workbook

Sheet NI
A1: =1-1*2^-53 -> 1
A2: =1-1*2^-52 -> 1
A3: =1-1*2^-51 -> 1
A4: =1-1*2^-50 -> 1
A5: =1-1*2^-49 -> 1
A6: =1-1*2^-48 -> 1
A7: =1-1*2^-47 -> 1
A8: =1-1*2^-46 -> 1
A9: =1-1*2^-45 -> 1
A10: =1-1*2^-44 -> 1
A11: =1-1*2^-43 -> 1
A12: =1-1*2^-42 -> 1
A13: =1-1*2^-40 -> 1
A14: =1-1*2^-37 -> 1
A15: =1-1*2^-33 -> 1
A16: =1-1*2^-27 -> 0.99999999
A17: =1-1*2^-20 -> 0.99999905
A18: =2-2*2^-53 -> 2
A19: =2-2*2^-52 -> 2
A20: =2-2*2^-51 -> 2
A21: =2-2*2^-50 -> 2
A22: =2-2*2^-49 -> 2
A23: =2-2*2^-48 -> 2
A24: =2-2*2^-47 -> 2
A25: =2-2*2^-46 -> 2
A26: =2-2*2^-45 -> 2
A27: =2-2*2^-44 -> 2
A28: =2-2*2^-43 -> 2
A29: =2-2*2^-42 -> 2
A30: =2-2*2^-40 -> 2
A31: =2-2*2^-37 -> 2
A32: =2-2*2^-33 -> 2
A33: =2-2*2^-27 -> 2
A34: =2-2*2^-20 -> 1.9999981
A35: =3-3*2^-53 -> 3
A36: =3-3*2^-52 -> 3
A37: =3-3*2^-51 -> 3
A38: =3-3*2^-50 -> 3
A39: =3-3*2^-49 -> 3
A40: =3-3*2^-48 -> 3
A41: =3-3*2^-47 -> 3
A42: =3-3*2^-46 -> 3
A43: =3-3*2^-45 -> 3
A44: =3-3*2^-44 -> 3
A45: =3-3*2^-43 -> 3
A46: =3-3*2^-42 -> 3
A47: =3-3*2^-40 -> 3
A48: =3-3*2^-37 -> 3
A49: =3-3*2^-33 -> 3
A50: =3-3*2^-27 -> 3
A51: =3-3*2^-20 -> 2.9999971
A52: =10-10*2^-53 -> 10
A53: =10-10*2^-52 -> 10
A54: =10-10*2^-51 -> 10
A55: =10-10*2^-50 -> 10
A56: =10-10*2^-49 -> 10
A57: =10-10*2^-48 -> 10
A58: =10-10*2^-47 -> 10
A59: =10-10*2^-46 -> 10
A60: =10-10*2^-45 -> 10
A61: =10-10*2^-44 -> 10
A62: =10-10*2^-43 -> 10
A63: =10-10*2^-42 -> 10
A64: =10-10*2^-40 -> 10
A65: =10-10*2^-37 -> 10
A66: =10-10*2^-33 -> 10
A67: =10-10*2^-27 -> 9.9999999
A68: =10-10*2^-20 -> 9.9999905
A69: =1000000-1000000*2^-53 -> 1000000
A70: =1000000-1000000*2^-52 -> 1000000
A71: =1000000-1000000*2^-51 -> 1000000
A72: =1000000-1000000*2^-50 -> 1000000
A73: =1000000-1000000*2^-49 -> 1000000
A74: =1000000-1000000*2^-48 -> 1000000
A75: =1000000-1000000*2^-47 -> 1000000
A76: =1000000-1000000*2^-46 -> 1000000
A77: =1000000-1000000*2^-45 -> 1000000
A78: =1000000-1000000*2^-44 -> 1000000
A79: =1000000-1000000*2^-43 -> 1000000
A80: =1000000-1000000*2^-42 -> 1000000
A81: =1000000-1000000*2^-40 -> 1000000
A82: =1000000-1000000*2^-37 -> 1000000
A83: =1000000-1000000*2^-33 -> 1000000
A84: =1000000-1000000*2^-27 -> 999999.99
A85: =1000000-1000000*2^-20 -> 999999.05
A86: =1000000000000000-1000000000000000*2^-53 -> 1e+15
A87: =1000000000000000-1000000000000000*2^-52 -> 1e+15
A88: =1000000000000000-1000000000000000*2^-51 -> 1e+15
A89: =1000000000000000-1000000000000000*2^-50 -> 1e+15
A90: =1000000000000000-1000000000000000*2^-49 -> 1e+15
A91: =1000000000000000-1000000000000000*2^-48 -> 1e+15
A92: =1000000000000000-1000000000000000*2^-47 -> 1e+15
A93: =1000000000000000-1000000000000000*2^-46 -> 1e+15
A94: =1000000000000000-1000000000000000*2^-45 -> 1e+15
A95: =1000000000000000-1000000000000000*2^-44 -> 1e+15
A96: =1000000000000000-1000000000000000*2^-43 -> 1e+15
A97: =1000000000000000-1000000000000000*2^-42 -> 1e+15
A98: =1000000000000000-1000000000000000*2^-40 -> 1e+15
A99: =1000000000000000-1000000000000000*2^-37 -> 999999999992724
A100: =1000000000000000-1000000000000000*2^-33 -> 1e+15
...

Sheet D
B1: 4 | C1: 2 | D1: 1 | E1: 1 | F1: Аренда | G1: 1 | H1: 45657 | I1: -10000 | J1: -10000 | L1: 1 | M1: one | N1: 10 | P1: 1 | Q1: 2 | R1: 5 | S1: 6 | U1: Tree | V1: Height | W1: Age | X1: Yield | Y1: Profit | AA1: Tree | AB1: Height | AC1: Tree | AD1: Tree | AE1: Tree | AF1: Tree | AG1: Tree | AH1: 0 | AI1: 0.2 | AK1: 58 | AL1: 35 | AM1: 45.35 | AN1: 47.65 | AP1: 41235 | AQ1: 0.09 | AR1: 1 | AS1: 1 | AT1: 0 | AU1: 39448 | AV1: 4 | AW1: TRUE | AX1: TRUE | AY1: 3 | AZ1: 1 | BA1: 6 | BB1: 33100 | BC1: 11 | BD1: 17 | BE1: 89 | BF1: 1 | BG1: 1 | BH1: a
A2: 2 | B2: 8 | C2: 7 | D2: 2 | E2: 2 | F2: аренда | G2: 2 | H2: 45658 | I2: 3000 | J2: 2750 | L2: 2 | M2: two | N2: 20 | P2: 3 | Q2: 4 | R2: 7 | S2: 8 | U2: Apple | V2: 18 | W2: 20 | X2: 14 | Y2: 105 | AA2: Apple | AB2: >10 | AC2: Pear | AD2: a* | AE2: Cherry | AF2: Plum | AH2: 1 | AI2: 0.3 | AK2: 11 | AL2: 25 | AM2: 17.56 | AN2: 18.44 | AP2: 41247 | AQ2: 0.11 | AR2: -0.5 | AS2: 2 | AT2: 10 | AU2: 39508 | AV2: 5 | AW2: FALSE | AX2: TRUE | AY2: 5 | AZ2: 2 | BA2: 7 | BB2: 47300 | BC2: 12 | BD2: 18 | BE2: 88 | BF2: 2 | BG2: 2
A3: abc | B3: 15 | C3: 11 | D3: abc | E3: =1/0 -> #DIV/0! | F3: Арендй | G3: 4 | H3: 45659 | I3: 4200 | J3: 4250 | L3: 3 | M3: three | N3: 30 | U3: Pear | V3: 12 | W3: 12 | X3: 10 | Y3: 96 | AH3: 2 | AI3: 0.1 | AK3: 10 | AL3: 23 | AM3: 16.09 | AN3: 16.91 | AP3: 41295 | AQ3: 0.1 | AR3: 0.041666667 | AS3: 2 | AT3: 20 | AU3: 39751 | AV3: 8 | AW3: abc | AX3: 1 | AY3: 7 | AZ3: 3 | BB3: 69000 | BC3: 13 | BE3: 92 | BF3: 2 | BG3: 3 | BH3: Б
A4: TRUE | B4: 16 | C4: 19 | D4: TRUE | E4: 4 | F4: Арeнда* | G4: 8 | H4: 45689 | I4: 6800 | J4: 3250 | L4: 5 | M4: five | N4: 50 | P4: 1 | Q4: 2 | R4: 3 | U4: Cherry | V4: 13 | W4: 14 | X4: 9 | Y4: 105 | AH4: 3 | AI4: 0.4 | AP4: 39778 | AR4: -0.0013888889 | AS4: a | AU4: 39859 | AV4: 7 | AY4: 10 | AZ4: 4 | BB4: 102000 | BC4: 14 | BE4: 101 | BF4: 3 | BG4: 4
A5: FALSE | B5: 23 | C5: 21 | E5: 5 | F5: x*y | G5: 16 | H5: 45717 | I5: 1200 | J5: 2750 | L5: 8 | M5: eight | N5: 80 | P5: 4 | Q5: 5 | R5: 6 | U5: Apple | V5: 14 | W5: 15 | X5: 10 | Y5: 75 | AK5: 58 | AL5: 35 | AP5: 39786 | AS5: A | AU5: 39904 | AV5: 11 | AY5: 11 | AZ5: 5 | BB5: 150000 | BC5: 15 | BE5: 94 | BF5: 5 | BG5: 3
A6: 45688 | B6: 42 | C6: 40 | D6: 5 | E6: 6 | F6: Чай | G6: 32 | H6: 45473 | L6: 13 | M6: thirteen | N6: 130 | U6: Pear | V6: 9 | W6: 8 | X6: 8 | Y6: 76.8 | AK6: 11 | AP6: 39834 | AS6: 3 | AV6: 4 | BB6: 220000 | BC6: 16 | BE6: 97 | BF6: 2 | BG6: 2
A7: =1/0 -> #DIV/0! | B7: -3.5 | C7: -1 | D7: FALSE | E7: 7 | F7: Чаи | G7: 64 | H7: 46022 | I7: -10000 | J7: 100 | U7: Apple | V7: 8 | W7: 9 | X7: 6 | Y7: 45 | AK7: TRUE | AL7: 23 | AP7: 38719 | AS7: 1 | AU7: 39508 | AV7: 3 | BE7: 95 | BG7: 1
A8: =NA() -> #N/A | B8: 10.25 | C8: 9 | D8: 3.5 | E8: 8 | I8: 3000 | J8: 200 | L8: 1 | M8: 2 | N8: 3 | O8: 5 | P8: 8 | Q8: 13 | AP8: 38733 | AS8: b | AU8: 39448 | BG8: 2
A9: Привет Мир | I9: 4200 | J9: 300 | L9: one | M9: two | N9: three | O9: five | P9: eight | Q9: thirteen | AK9: 58 | AL9: 35 | AU9: 39751 | BG9: 3
A10: 1.5 | J10: 400 | L10: 10 | M10: 20 | N10: 30 | O10: 50 | P10: 80 | Q10: 130 | AK10: 11 | AL10: =1/0 -> #DIV/0! | AU10: 39859 | BG10: 5
A11: 1,5 | I11: 6800 | J11: 500 | AK11: 10 | AL11: 23 | AU11: 39904 | BG11: 6
A12: 0 | BG12: 1
A13: ="" | I13: -10000
A14: =CHAR(9)&"abc"&CHAR(10) -> abc | I14: 3000
A15: 45688.75 | I15: =NA() -> #N/A
I16: 6800
I17: 1200

Sheet C
A1: {=MOD(NI!A10,1)} -> 1 | B1: =IF(ISERROR(A1),ERROR.TYPE(A1),IF(ISNUMBER(A1),0,IF(ISLOGICAL(A1),IF(A1,-1,-2),IF(ISTEXT(A1),-3,-4)))) -> 0 | C1: =IF(ISNUMBER(A1),A1,0) -> 1 | D1: =IF(ISTEXT(A1),A1,"") | E1: mod#10
A2: {=MOD(NI!A11,1)} -> 1 | B2: =IF(ISERROR(A2),ERROR.TYPE(A2),IF(ISNUMBER(A2),0,IF(ISLOGICAL(A2),IF(A2,-1,-2),IF(ISTEXT(A2),-3,-4)))) -> 0 | C2: =IF(ISNUMBER(A2),A2,0) -> 1 | D2: =IF(ISTEXT(A2),A2,"") | E2: mod#11
A3: {=MOD(NI!A12,1)} -> 1 | B3: =IF(ISERROR(A3),ERROR.TYPE(A3),IF(ISNUMBER(A3),0,IF(ISLOGICAL(A3),IF(A3,-1,-2),IF(ISTEXT(A3),-3,-4)))) -> 0 | C3: =IF(ISNUMBER(A3),A3,0) -> 1 | D3: =IF(ISTEXT(A3),A3,"") | E3: mod#12
A4: {=MOD(NI!A13,1)} -> 1 | B4: =IF(ISERROR(A4),ERROR.TYPE(A4),IF(ISNUMBER(A4),0,IF(ISLOGICAL(A4),IF(A4,-1,-2),IF(ISTEXT(A4),-3,-4)))) -> 0 | C4: =IF(ISNUMBER(A4),A4,0) -> 1 | D4: =IF(ISTEXT(A4),A4,"") | E4: mod#13
A5: {=MOD(NI!A14,1)} -> 1 | B5: =IF(ISERROR(A5),ERROR.TYPE(A5),IF(ISNUMBER(A5),0,IF(ISLOGICAL(A5),IF(A5,-1,-2),IF(ISTEXT(A5),-3,-4)))) -> 0 | C5: =IF(ISNUMBER(A5),A5,0) -> 1 | D5: =IF(ISTEXT(A5),A5,"") | E5: mod#14
A6: {=MOD(NI!A15,1)} -> 1 | B6: =IF(ISERROR(A6),ERROR.TYPE(A6),IF(ISNUMBER(A6),0,IF(ISLOGICAL(A6),IF(A6,-1,-2),IF(ISTEXT(A6),-3,-4)))) -> 0 | C6: =IF(ISNUMBER(A6),A6,0) -> 1 | D6: =IF(ISTEXT(A6),A6,"") | E6: mod#15
A7: {=MOD(NI!A16,1)} -> 0.99999999 | B7: =IF(ISERROR(A7),ERROR.TYPE(A7),IF(ISNUMBER(A7),0,IF(ISLOGICAL(A7),IF(A7,-1,-2),IF(ISTEXT(A7),-3,-4)))) -> 0 | C7: =IF(ISNUMBER(A7),A7,0) -> 0.99999999 | D7: =IF(ISTEXT(A7),A7,"") | E7: mod#16
A8: {=MOD(NI!A17,1)} -> 0.99999905 | B8: =IF(ISERROR(A8),ERROR.TYPE(A8),IF(ISNUMBER(A8),0,IF(ISLOGICAL(A8),IF(A8,-1,-2),IF(ISTEXT(A8),-3,-4)))) -> 0 | C8: =IF(ISNUMBER(A8),A8,0) -> 0.99999905 | D8: =IF(ISTEXT(A8),A8,"") | E8: mod#17
A9: {=MOD(NI!A18,1)} -> 1 | B9: =IF(ISERROR(A9),ERROR.TYPE(A9),IF(ISNUMBER(A9),0,IF(ISLOGICAL(A9),IF(A9,-1,-2),IF(ISTEXT(A9),-3,-4)))) -> 0 | C9: =IF(ISNUMBER(A9),A9,0) -> 1 | D9: =IF(ISTEXT(A9),A9,"") | E9: mod#18
A10: {=MOD(NI!A19,1)} -> 1 | B10: =IF(ISERROR(A10),ERROR.TYPE(A10),IF(ISNUMBER(A10),0,IF(ISLOGICAL(A10),IF(A10,-1,-2),IF(ISTEXT(A10),-3,-4)))) -> 0 | C10: =IF(ISNUMBER(A10),A10,0) -> 1 | D10: =IF(ISTEXT(A10),A10,"") | E10: mod#19
A11: {=MOD(NI!A20,1)} -> 1 | B11: =IF(ISERROR(A11),ERROR.TYPE(A11),IF(ISNUMBER(A11),0,IF(ISLOGICAL(A11),IF(A11,-1,-2),IF(ISTEXT(A11),-3,-4)))) -> 0 | C11: =IF(ISNUMBER(A11),A11,0) -> 1 | D11: =IF(ISTEXT(A11),A11,"") | E11: mod#20
A12: {=MOD(NI!A21,1)} -> 1 | B12: =IF(ISERROR(A12),ERROR.TYPE(A12),IF(ISNUMBER(A12),0,IF(ISLOGICAL(A12),IF(A12,-1,-2),IF(ISTEXT(A12),-3,-4)))) -> 0 | C12: =IF(ISNUMBER(A12),A12,0) -> 1 | D12: =IF(ISTEXT(A12),A12,"") | E12: mod#21
... A110: {=MOD(NI!A119,1)} -> 0.95642853 | B110: =IF(ISERROR(A110),ERROR.TYPE(A110),IF(ISNUMBER(A110),0,IF(ISLOGICAL(A110),IF(A110,-1,-2),IF(ISTEXT(A110),-3,-4)))) -> 0 | C110: =IF(ISNUMBER(A110),A110,0) -> 0.95642853 | D110: =IF(ISTEXT(A110),A110,"") | E110: mod#119
A111: {=NI!A1=1} -> TRUE | B111: =IF(ISERROR(A111),ERROR.TYPE(A111),IF(ISNUMBER(A111),0,IF(ISLOGICAL(A111),IF(A111,-1,-2),IF(ISTEXT(A111),-3,-4)))) -> -1 | C111: =IF(ISNUMBER(A111),A111,0) -> 0 | D111: =IF(ISTEXT(A111),A111,"") | E111: eq#1
A112: {=NI!A2=1} -> TRUE | B112: =IF(ISERROR(A112),ERROR.TYPE(A112),IF(ISNUMBER(A112),0,IF(ISLOGICAL(A112),IF(A112,-1,-2),IF(ISTEXT(A112),-3,-4)))) -> -1 | C112: =IF(ISNUMBER(A112),A112,0) -> 0 | D112: =IF(ISTEXT(A112),A112,"") | E112: eq#2
A113: {=NI!A3=1} -> TRUE | B113: =IF(ISERROR(A113),ERROR.TYPE(A113),IF(ISNUMBER(A113),0,IF(ISLOGICAL(A113),IF(A113,-1,-2),IF(ISTEXT(A113),-3,-4)))) -> -1 | C113: =IF(ISNUMBER(A113),A113,0) -> 0 | D113: =IF(ISTEXT(A113),A113,"") | E113: eq#3
A114: {=NI!A4=1} -> FALSE | B114: =IF(ISERROR(A114),ERROR.TYPE(A114),IF(ISNUMBER(A114),0,IF(ISLOGICAL(A114),IF(A114,-1,-2),IF(ISTEXT(A114),-3,-4)))) -> -2 | C114: =IF(ISNUMBER(A114),A114,0) -> 0 | D114: =IF(ISTEXT(A114),A114,"") | E114: eq#4
A115: {=NI!A5=1} -> FALSE | B115: =IF(ISERROR(A115),ERROR.TYPE(A115),IF(ISNUMBER(A115),0,IF(ISLOGICAL(A115),IF(A115,-1,-2),IF(ISTEXT(A115),-3,-4)))) -> -2 | C115: =IF(ISNUMBER(A115),A115,0) -> 0 | D115: =IF(ISTEXT(A115),A115,"") | E115: eq#5
A116: {=NI!A6=1} -> FALSE | B116: =IF(ISERROR(A116),ERROR.TYPE(A116),IF(ISNUMBER(A116),0,IF(ISLOGICAL(A116),IF(A116,-1,-2),IF(ISTEXT(A116),-3,-4)))) -> -2 | C116: =IF(ISNUMBER(A116),A116,0) -> 0 | D116: =IF(ISTEXT(A116),A116,"") | E116: eq#6
A117: {=NI!A7=1} -> FALSE | B117: =IF(ISERROR(A117),ERROR.TYPE(A117),IF(ISNUMBER(A117),0,IF(ISLOGICAL(A117),IF(A117,-1,-2),IF(ISTEXT(A117),-3,-4)))) -> -2 | C117: =IF(ISNUMBER(A117),A117,0) -> 0 | D117: =IF(ISTEXT(A117),A117,"") | E117: eq#7
A118: {=NI!A8=1} -> FALSE | B118: =IF(ISERROR(A118),ERROR.TYPE(A118),IF(ISNUMBER(A118),0,IF(ISLOGICAL(A118),IF(A118,-1,-2),IF(ISTEXT(A118),-3,-4)))) -> -2 | C118: =IF(ISNUMBER(A118),A118,0) -> 0 | D118: =IF(ISTEXT(A118),A118,"") | E118: eq#8
A119: {=NI!A9=1} -> FALSE | B119: =IF(ISERROR(A119),ERROR.TYPE(A119),IF(ISNUMBER(A119),0,IF(ISLOGICAL(A119),IF(A119,-1,-2),IF(ISTEXT(A119),-3,-4)))) -> -2 | C119: =IF(ISNUMBER(A119),A119,0) -> 0 | D119: =IF(ISTEXT(A119),A119,"") | E119: eq#9
A120: {=NI!A10=1} -> FALSE | B120: =IF(ISERROR(A120),ERROR.TYPE(A120),IF(ISNUMBER(A120),0,IF(ISLOGICAL(A120),IF(A120,-1,-2),IF(ISTEXT(A120),-3,-4)))) -> -2 | C120: =IF(ISNUMBER(A120),A120,0) -> 0 | D120: =IF(ISTEXT(A120),A120,"") | E120: eq#10
A121: {=NI!A11=1} -> FALSE | B121: =IF(ISERROR(A121),ERROR.TYPE(A121),IF(ISNUMBER(A121),0,IF(ISLOGICAL(A121),IF(A121,-1,-2),IF(ISTEXT(A121),-3,-4)))) -> -2 | C121: =IF(ISNUMBER(A121),A121,0) -> 0 | D121: =IF(ISTEXT(A121),A121,"") | E121: eq#11
A122: {=NI!A12=1} -> FALSE | B122: =IF(ISERROR(A122),ERROR.TYPE(A122),IF(ISNUMBER(A122),0,IF(ISLOGICAL(A122),IF(A122,-1,-2),IF(ISTEXT(A122),-3,-4)))) -> -2 | C122: =IF(ISNUMBER(A122),A122,0) -> 0 | D122: =IF(ISTEXT(A122),A122,"") | E122: eq#12
... A127: {=NI!A17=1} -> FALSE | B127: =IF(ISERROR(A127),ERROR.TYPE(A127),IF(ISNUMBER(A127),0,IF(ISLOGICAL(A127),IF(A127,-1,-2),IF(ISTEXT(A127),-3,-4)))) -> -2 | C127: =IF(ISNUMBER(A127),A127,0) -> 0 | D127: =IF(ISTEXT(A127),A127,"") | E127: eq#17
A128: {=NI!A18=2} -> TRUE | B128: =IF(ISERROR(A128),ERROR.TYPE(A128),IF(ISNUMBER(A128),0,IF(ISLOGICAL(A128),IF(A128,-1,-2),IF(ISTEXT(A128),-3,-4)))) -> -1 | C128: =IF(ISNUMBER(A128),A128,0) -> 0 | D128: =IF(ISTEXT(A128),A128,"") | E128: eq#18
A129: {=NI!A19=2} -> TRUE | B129: =IF(ISERROR(A129),ERROR.TYPE(A129),IF(ISNUMBER(A129),0,IF(ISLOGICAL(A129),IF(A129,-1,-2),IF(ISTEXT(A129),-3,-4)))) -> -1 | C129: =IF(ISNUMBER(A129),A129,0) -> 0 | D129: =IF(ISTEXT(A129),A129,"") | E129: eq#19
A130: {=NI!A20=2} -> TRUE | B130: =IF(ISERROR(A130),ERROR.TYPE(A130),IF(ISNUMBER(A130),0,IF(ISLOGICAL(A130),IF(A130,-1,-2),IF(ISTEXT(A130),-3,-4)))) -> -1 | C130: =IF(ISNUMBER(A130),A130,0) -> 0 | D130: =IF(ISTEXT(A130),A130,"") | E130: eq#20
A131: {=NI!A21=2} -> TRUE | B131: =IF(ISERROR(A131),ERROR.TYPE(A131),IF(ISNUMBER(A131),0,IF(ISLOGICAL(A131),IF(A131,-1,-2),IF(ISTEXT(A131),-3,-4)))) -> -1 | C131: =IF(ISNUMBER(A131),A131,0) -> 0 | D131: =IF(ISTEXT(A131),A131,"") | E131: eq#21
A132: {=NI!A22=2} -> TRUE | B132: =IF(ISERROR(A132),ERROR.TYPE(A132),IF(ISNUMBER(A132),0,IF(ISLOGICAL(A132),IF(A132,-1,-2),IF(ISTEXT(A132),-3,-4)))) -> -1 | C132: =IF(ISNUMBER(A132),A132,0) -> 0 | D132: =IF(ISTEXT(A132),A132,"") | E132: eq#22
A133: {=NI!A23=2} -> FALSE | B133: =IF(ISERROR(A133),ERROR.TYPE(A133),IF(ISNUMBER(A133),0,IF(ISLOGICAL(A133),IF(A133,-1,-2),IF(ISTEXT(A133),-3,-4)))) -> -2 | C133: =IF(ISNUMBER(A133),A133,0) -> 0 | D133: =IF(ISTEXT(A133),A133,"") | E133: eq#23
A134: {=NI!A24=2} -> FALSE | B134: =IF(ISERROR(A134),ERROR.TYPE(A134),IF(ISNUMBER(A134),0,IF(ISLOGICAL(A134),IF(A134,-1,-2),IF(ISTEXT(A134),-3,-4)))) -> -2 | C134: =IF(ISNUMBER(A134),A134,0) -> 0 | D134: =IF(ISTEXT(A134),A134,"") | E134: eq#24
A135: {=NI!A25=2} -> FALSE | B135: =IF(ISERROR(A135),ERROR.TYPE(A135),IF(ISNUMBER(A135),0,IF(ISLOGICAL(A135),IF(A135,-1,-2),IF(ISTEXT(A135),-3,-4)))) -> -2 | C135: =IF(ISNUMBER(A135),A135,0) -> 0 | D135: =IF(ISTEXT(A135),A135,"") | E135: eq#25
A136: {=NI!A26=2} -> FALSE | B136: =IF(ISERROR(A136),ERROR.TYPE(A136),IF(ISNUMBER(A136),0,IF(ISLOGICAL(A136),IF(A136,-1,-2),IF(ISTEXT(A136),-3,-4)))) -> -2 | C136: =IF(ISNUMBER(A136),A136,0) -> 0 | D136: =IF(ISTEXT(A136),A136,"") | E136: eq#26
A137: {=NI!A27=2} -> FALSE | B137: =IF(ISERROR(A137),ERROR.TYPE(A137),IF(ISNUMBER(A137),0,IF(ISLOGICAL(A137),IF(A137,-1,-2),IF(ISTEXT(A137),-3,-4)))) -> -2 | C137: =IF(ISNUMBER(A137),A137,0) -> 0 | D137: =IF(ISTEXT(A137),A137,"") | E137: eq#27
A138: {=NI!A28=2} -> FALSE | B138: =IF(ISERROR(A138),ERROR.TYPE(A138),IF(ISNUMBER(A138),0,IF(ISLOGICAL(A138),IF(A138,-1,-2),IF(ISTEXT(A138),-3,-4)))) -> -2 | C138: =IF(ISNUMBER(A138),A138,0) -> 0 | D138: =IF(ISTEXT(A138),A138,"") | E138: eq#28
A139: {=NI!A29=2} -> FALSE | B139: =IF(ISERROR(A139),ERROR.TYPE(A139),IF(ISNUMBER(A139),0,IF(ISLOGICAL(A139),IF(A139,-1,-2),IF(ISTEXT(A139),-3,-4)))) -> -2 | C139: =IF(ISNUMBER(A139),A139,0) -> 0 | D139: =IF(ISTEXT(A139),A139,"") | E139: eq#29
... A144: {=NI!A34=2} -> FALSE | B144: =IF(ISERROR(A144),ERROR.TYPE(A144),IF(ISNUMBER(A144),0,IF(ISLOGICAL(A144),IF(A144,-1,-2),IF(ISTEXT(A144),-3,-4)))) -> -2 | C144: =IF(ISNUMBER(A144),A144,0) -> 0 | D144: =IF(ISTEXT(A144),A144,"") | E144: eq#34
A145: {=NI!A35=3} -> TRUE | B145: =IF(ISERROR(A145),ERROR.TYPE(A145),IF(ISNUMBER(A145),0,IF(ISLOGICAL(A145),IF(A145,-1,-2),IF(ISTEXT(A145),-3,-4)))) -> -1 | C145: =IF(ISNUMBER(A145),A145,0) -> 0 | D145: =IF(ISTEXT(A145),A145,"") | E145: eq#35
A146: {=NI!A36=3} -> TRUE | B146: =IF(ISERROR(A146),ERROR.TYPE(A146),IF(ISNUMBER(A146),0,IF(ISLOGICAL(A146),IF(A146,-1,-2),IF(ISTEXT(A146),-3,-4)))) -> -1 | C146: =IF(ISNUMBER(A146),A146,0) -> 0 | D146: =IF(ISTEXT(A146),A146,"") | E146: eq#36
A147: {=NI!A37=3} -> TRUE | B147: =IF(ISERROR(A147),ERROR.TYPE(A147),IF(ISNUMBER(A147),0,IF(ISLOGICAL(A147),IF(A147,-1,-2),IF(ISTEXT(A147),-3,-4)))) -> -1 | C147: =IF(ISNUMBER(A147),A147,0) -> 0 | D147: =IF(ISTEXT(A147),A147,"") | E147: eq#37
A148: {=NI!A38=3} -> TRUE | B148: =IF(ISERROR(A148),ERROR.TYPE(A148),IF(ISNUMBER(A148),0,IF(ISLOGICAL(A148),IF(A148,-1,-2),IF(ISTEXT(A148),-3,-4)))) -> -1 | C148: =IF(ISNUMBER(A148),A148,0) -> 0 | D148: =IF(ISTEXT(A148),A148,"") | E148: eq#38
A149: {=NI!A39=3} -> FALSE | B149: =IF(ISERROR(A149),ERROR.TYPE(A149),IF(ISNUMBER(A149),0,IF(ISLOGICAL(A149),IF(A149,-1,-2),IF(ISTEXT(A149),-3,-4)))) -> -2 | C149: =IF(ISNUMBER(A149),A149,0) -> 0 | D149: =IF(ISTEXT(A149),A149,"") | E149: eq#39
A150: {=NI!A40=3} -> FALSE | B150: =IF(ISERROR(A150),ERROR.TYPE(A150),IF(ISNUMBER(A150),0,IF(ISLOGICAL(A150),IF(A150,-1,-2),IF(ISTEXT(A150),-3,-4)))) -> -2 | C150: =IF(ISNUMBER(A150),A150,0) -> 0 | D150: =IF(ISTEXT(A150),A150,"") | E150: eq#40
A151: {=NI!A41=3} -> FALSE | B151: =IF(ISERROR(A151),ERROR.TYPE(A151),IF(ISNUMBER(A151),0,IF(ISLOGICAL(A151),IF(A151,-1,-2),IF(ISTEXT(A151),-3,-4)))) -> -2 | C151: =IF(ISNUMBER(A151),A151,0) -> 0 | D151: =IF(ISTEXT(A151),A151,"") | E151: eq#41
A152: {=NI!A42=3} -> FALSE | B152: =IF(ISERROR(A152),ERROR.TYPE(A152),IF(ISNUMBER(A152),0,IF(ISLOGICAL(A152),IF(A152,-1,-2),IF(ISTEXT(A152),-3,-4)))) -> -2 | C152: =IF(ISNUMBER(A152),A152,0) -> 0 | D152: =IF(ISTEXT(A152),A152,"") | E152: eq#42
A153: {=NI!A43=3} -> FALSE | B153: =IF(ISERROR(A153),ERROR.TYPE(A153),IF(ISNUMBER(A153),0,IF(ISLOGICAL(A153),IF(A153,-1,-2),IF(ISTEXT(A153),-3,-4)))) -> -2 | C153: =IF(ISNUMBER(A153),A153,0) -> 0 | D153: =IF(ISTEXT(A153),A153,"") | E153: eq#43
A154: {=NI!A44=3} -> FALSE | B154: =IF(ISERROR(A154),ERROR.TYPE(A154),IF(ISNUMBER(A154),0,IF(ISLOGICAL(A154),IF(A154,-1,-2),IF(ISTEXT(A154),-3,-4)))) -> -2 | C154: =IF(ISNUMBER(A154),A154,0) -> 0 | D154: =IF(ISTEXT(A154),A154,"") | E154: eq#44
A155: {=NI!A45=3} -> FALSE | B155: =IF(ISERROR(A155),ERROR.TYPE(A155),IF(ISNUMBER(A155),0,IF(ISLOGICAL(A155),IF(A155,-1,-2),IF(ISTEXT(A155),-3,-4)))) -> -2 | C155: =IF(ISNUMBER(A155),A155,0) -> 0 | D155: =IF(ISTEXT(A155),A155,"") | E155: eq#45
A156: {=NI!A46=3} -> FALSE | B156: =IF(ISERROR(A156),ERROR.TYPE(A156),IF(ISNUMBER(A156),0,IF(ISLOGICAL(A156),IF(A156,-1,-2),IF(ISTEXT(A156),-3,-4)))) -> -2 | C156: =IF(ISNUMBER(A156),A156,0) -> 0 | D156: =IF(ISTEXT(A156),A156,"") | E156: eq#46
... A161: {=NI!A51=3} -> FALSE | B161: =IF(ISERROR(A161),ERROR.TYPE(A161),IF(ISNUMBER(A161),0,IF(ISLOGICAL(A161),IF(A161,-1,-2),IF(ISTEXT(A161),-3,-4)))) -> -2 | C161: =IF(ISNUMBER(A161),A161,0) -> 0 | D161: =IF(ISTEXT(A161),A161,"") | E161: eq#51
A162: {=NI!A52=10} -> TRUE | B162: =IF(ISERROR(A162),ERROR.TYPE(A162),IF(ISNUMBER(A162),0,IF(ISLOGICAL(A162),IF(A162,-1,-2),IF(ISTEXT(A162),-3,-4)))) -> -1 | C162: =IF(ISNUMBER(A162),A162,0) -> 0 | D162: =IF(ISTEXT(A162),A162,"") | E162: eq#52
A163: {=NI!A53=10} -> TRUE | B163: =IF(ISERROR(A163),ERROR.TYPE(A163),IF(ISNUMBER(A163),0,IF(ISLOGICAL(A163),IF(A163,-1,-2),IF(ISTEXT(A163),-3,-4)))) -> -1 | C163: =IF(ISNUMBER(A163),A163,0) -> 0 | D163: =IF(ISTEXT(A163),A163,"") | E163: eq#53
A164: {=NI!A54=10} -> TRUE | B164: =IF(ISERROR(A164),ERROR.TYPE(A164),IF(ISNUMBER(A164),0,IF(ISLOGICAL(A164),IF(A164,-1,-2),IF(ISTEXT(A164),-3,-4)))) -> -1 | C164: =IF(ISNUMBER(A164),A164,0) -> 0 | D164: =IF(ISTEXT(A164),A164,"") | E164: eq#54
A165: {=NI!A55=10} -> FALSE | B165: =IF(ISERROR(A165),ERROR.TYPE(A165),IF(ISNUMBER(A165),0,IF(ISLOGICAL(A165),IF(A165,-1,-2),IF(ISTEXT(A165),-3,-4)))) -> -2 | C165: =IF(ISNUMBER(A165),A165,0) -> 0 | D165: =IF(ISTEXT(A165),A165,"") | E165: eq#55
A166: {=NI!A56=10} -> FALSE | B166: =IF(ISERROR(A166),ERROR.TYPE(A166),IF(ISNUMBER(A166),0,IF(ISLOGICAL(A166),IF(A166,-1,-2),IF(ISTEXT(A166),-3,-4)))) -> -2 | C166: =IF(ISNUMBER(A166),A166,0) -> 0 | D166: =IF(ISTEXT(A166),A166,"") | E166: eq#56
A167: {=NI!A57=10} -> FALSE | B167: =IF(ISERROR(A167),ERROR.TYPE(A167),IF(ISNUMBER(A167),0,IF(ISLOGICAL(A167),IF(A167,-1,-2),IF(ISTEXT(A167),-3,-4)))) -> -2 | C167: =IF(ISNUMBER(A167),A167,0) -> 0 | D167: =IF(ISTEXT(A167),A167,"") | E167: eq#57
A168: {=NI!A58=10} -> FALSE | B168: =IF(ISERROR(A168),ERROR.TYPE(A168),IF(ISNUMBER(A168),0,IF(ISLOGICAL(A168),IF(A168,-1,-2),IF(ISTEXT(A168),-3,-4)))) -> -2 | C168: =IF(ISNUMBER(A168),A168,0) -> 0 | D168: =IF(ISTEXT(A168),A168,"") | E168: eq#58
A169: {=NI!A59=10} -> FALSE | B169: =IF(ISERROR(A169),ERROR.TYPE(A169),IF(ISNUMBER(A169),0,IF(ISLOGICAL(A169),IF(A169,-1,-2),IF(ISTEXT(A169),-3,-4)))) -> -2 | C169: =IF(ISNUMBER(A169),A169,0) -> 0 | D169: =IF(ISTEXT(A169),A169,"") | E169: eq#59
A170: {=NI!A60=10} -> FALSE | B170: =IF(ISERROR(A170),ERROR.TYPE(A170),IF(ISNUMBER(A170),0,IF(ISLOGICAL(A170),IF(A170,-1,-2),IF(ISTEXT(A170),-3,-4)))) -> -2 | C170: =IF(ISNUMBER(A170),A170,0) -> 0 | D170: =IF(ISTEXT(A170),A170,"") | E170: eq#60
A171: {=NI!A61=10} -> FALSE | B171: =IF(ISERROR(A171),ERROR.TYPE(A171),IF(ISNUMBER(A171),0,IF(ISLOGICAL(A171),IF(A171,-1,-2),IF(ISTEXT(A171),-3,-4)))) -> -2 | C171: =IF(ISNUMBER(A171),A171,0) -> 0 | D171: =IF(ISTEXT(A171),A171,"") | E171: eq#61
A172: {=NI!A62=10} -> FALSE | B172: =IF(ISERROR(A172),ERROR.TYPE(A172),IF(ISNUMBER(A172),0,IF(ISLOGICAL(A172),IF(A172,-1,-2),IF(ISTEXT(A172),-3,-4)))) -> -2 | C172: =IF(ISNUMBER(A172),A172,0) -> 0 | D172: =IF(ISTEXT(A172),A172,"") | E172: eq#62
A173: {=NI!A63=10} -> FALSE | B173: =IF(ISERROR(A173),ERROR.TYPE(A173),IF(ISNUMBER(A173),0,IF(ISLOGICAL(A173),IF(A173,-1,-2),IF(ISTEXT(A173),-3,-4)))) -> -2 | C173: =IF(ISNUMBER(A173),A173,0) -> 0 | D173: =IF(ISTEXT(A173),A173,"") | E173: eq#63
... A178: {=NI!A68=10} -> FALSE | B178: =IF(ISERROR(A178),ERROR.TYPE(A178),IF(ISNUMBER(A178),0,IF(ISLOGICAL(A178),IF(A178,-1,-2),IF(ISTEXT(A178),-3,-4)))) -> -2 | C178: =IF(ISNUMBER(A178),A178,0) -> 0 | D178: =IF(ISTEXT(A178),A178,"") | E178: eq#68
A179: {=NI!A69=1000000} -> TRUE | B179: =IF(ISERROR(A179),ERROR.TYPE(A179),IF(ISNUMBER(A179),0,IF(ISLOGICAL(A179),IF(A179,-1,-2),IF(ISTEXT(A179),-3,-4)))) -> -1 | C179: =IF(ISNUMBER(A179),A179,0) -> 0 | D179: =IF(ISTEXT(A179),A179,"") | E179: eq#69
A180: {=NI!A70=1000000} -> TRUE | B180: =IF(ISERROR(A180),ERROR.TYPE(A180),IF(ISNUMBER(A180),0,IF(ISLOGICAL(A180),IF(A180,-1,-2),IF(ISTEXT(A180),-3,-4)))) -> -1 | C180: =IF(ISNUMBER(A180),A180,0) -> 0 | D180: =IF(ISTEXT(A180),A180,"") | E180: eq#70
A181: {=NI!A71=1000000} -> TRUE | B181: =IF(ISERROR(A181),ERROR.TYPE(A181),IF(ISNUMBER(A181),0,IF(ISLOGICAL(A181),IF(A181,-1,-2),IF(ISTEXT(A181),-3,-4)))) -> -1 | C181: =IF(ISNUMBER(A181),A181,0) -> 0 | D181: =IF(ISTEXT(A181),A181,"") | E181: eq#71
A182: {=NI!A72=1000000} -> FALSE | B182: =IF(ISERROR(A182),ERROR.TYPE(A182),IF(ISNUMBER(A182),0,IF(ISLOGICAL(A182),IF(A182,-1,-2),IF(ISTEXT(A182),-3,-4)))) -> -2 | C182: =IF(ISNUMBER(A182),A182,0) -> 0 | D182: =IF(ISTEXT(A182),A182,"") | E182: eq#72
A183: {=NI!A73=1000000} -> FALSE | B183: =IF(ISERROR(A183),ERROR.TYPE(A183),IF(ISNUMBER(A183),0,IF(ISLOGICAL(A183),IF(A183,-1,-2),IF(ISTEXT(A183),-3,-4)))) -> -2 | C183: =IF(ISNUMBER(A183),A183,0) -> 0 | D183: =IF(ISTEXT(A183),A183,"") | E183: eq#73
A184: {=NI!A74=1000000} -> FALSE | B184: =IF(ISERROR(A184),ERROR.TYPE(A184),IF(ISNUMBER(A184),0,IF(ISLOGICAL(A184),IF(A184,-1,-2),IF(ISTEXT(A184),-3,-4)))) -> -2 | C184: =IF(ISNUMBER(A184),A184,0) -> 0 | D184: =IF(ISTEXT(A184),A184,"") | E184: eq#74
A185: {=NI!A75=1000000} -> FALSE | B185: =IF(ISERROR(A185),ERROR.TYPE(A185),IF(ISNUMBER(A185),0,IF(ISLOGICAL(A185),IF(A185,-1,-2),IF(ISTEXT(A185),-3,-4)))) -> -2 | C185: =IF(ISNUMBER(A185),A185,0) -> 0 | D185: =IF(ISTEXT(A185),A185,"") | E185: eq#75
A186: {=NI!A76=1000000} -> FALSE | B186: =IF(ISERROR(A186),ERROR.TYPE(A186),IF(ISNUMBER(A186),0,IF(ISLOGICAL(A186),IF(A186,-1,-2),IF(ISTEXT(A186),-3,-4)))) -> -2 | C186: =IF(ISNUMBER(A186),A186,0) -> 0 | D186: =IF(ISTEXT(A186),A186,"") | E186: eq#76
A187: {=NI!A77=1000000} -> FALSE | B187: =IF(ISERROR(A187),ERROR.TYPE(A187),IF(ISNUMBER(A187),0,IF(ISLOGICAL(A187),IF(A187,-1,-2),IF(ISTEXT(A187),-3,-4)))) -> -2 | C187: =IF(ISNUMBER(A187),A187,0) -> 0 | D187: =IF(ISTEXT(A187),A187,"") | E187: eq#77
A188: {=NI!A78=1000000} -> FALSE | B188: =IF(ISERROR(A188),ERROR.TYPE(A188),IF(ISNUMBER(A188),0,IF(ISLOGICAL(A188),IF(A188,-1,-2),IF(ISTEXT(A188),-3,-4)))) -> -2 | C188: =IF(ISNUMBER(A188),A188,0) -> 0 | D188: =IF(ISTEXT(A188),A188,"") | E188: eq#78
A189: {=NI!A79=1000000} -> FALSE | B189: =IF(ISERROR(A189),ERROR.TYPE(A189),IF(ISNUMBER(A189),0,IF(ISLOGICAL(A189),IF(A189,-1,-2),IF(ISTEXT(A189),-3,-4)))) -> -2 | C189: =IF(ISNUMBER(A189),A189,0) -> 0 | D189: =IF(ISTEXT(A189),A189,"") | E189: eq#79
A190: {=NI!A80=1000000} -> FALSE | B190: =IF(ISERROR(A190),ERROR.TYPE(A190),IF(ISNUMBER(A190),0,IF(ISLOGICAL(A190),IF(A190,-1,-2),IF(ISTEXT(A190),-3,-4)))) -> -2 | C190: =IF(ISNUMBER(A190),A190,0) -> 0 | D190: =IF(ISTEXT(A190),A190,"") | E190: eq#80
... A195: {=NI!A85=1000000} -> FALSE | B195: =IF(ISERROR(A195),ERROR.TYPE(A195),IF(ISNUMBER(A195),0,IF(ISLOGICAL(A195),IF(A195,-1,-2),IF(ISTEXT(A195),-3,-4)))) -> -2 | C195: =IF(ISNUMBER(A195),A195,0) -> 0 | D195: =IF(ISTEXT(A195),A195,"") | E195: eq#85
A196: {=NI!A86=1000000000000000} -> TRUE | B196: =IF(ISERROR(A196),ERROR.TYPE(A196),IF(ISNUMBER(A196),0,IF(ISLOGICAL(A196),IF(A196,-1,-2),IF(ISTEXT(A196),-3,-4)))) -> -1 | C196: =IF(ISNUMBER(A196),A196,0) -> 0 | D196: =IF(ISTEXT(A196),A196,"") | E196: eq#86
A197: {=NI!A87=1000000000000000} -> TRUE | B197: =IF(ISERROR(A197),ERROR.TYPE(A197),IF(ISNUMBER(A197),0,IF(ISLOGICAL(A197),IF(A197,-1,-2),IF(ISTEXT(A197),-3,-4)))) -> -1 | C197: =IF(ISNUMBER(A197),A197,0) -> 0 | D197: =IF(ISTEXT(A197),A197,"") | E197: eq#87
A198: {=NI!A88=1000000000000000} -> TRUE | B198: =IF(ISERROR(A198),ERROR.TYPE(A198),IF(ISNUMBER(A198),0,IF(ISLOGICAL(A198),IF(A198,-1,-2),IF(ISTEXT(A198),-3,-4)))) -> -1 | C198: =IF(ISNUMBER(A198),A198,0) -> 0 | D198: =IF(ISTEXT(A198),A198,"") | E198: eq#88
A199: {=NI!A89=1000000000000000} -> FALSE | B199: =IF(ISERROR(A199),ERROR.TYPE(A199),IF(ISNUMBER(A199),0,IF(ISLOGICAL(A199),IF(A199,-1,-2),IF(ISTEXT(A199),-3,-4)))) -> -2 | C199: =IF(ISNUMBER(A199),A199,0) -> 0 | D199: =IF(ISTEXT(A199),A199,"") | E199: eq#89
A200: {=NI!A90=1000000000000000} -> FALSE | B200: =IF(ISERROR(A200),ERROR.TYPE(A200),IF(ISNUMBER(A200),0,IF(ISLOGICAL(A200),IF(A200,-1,-2),IF(ISTEXT(A200),-3,-4)))) -> -2 | C200: =IF(ISNUMBER(A200),A200,0) -> 0 | D200: =IF(ISTEXT(A200),A200,"") | E200: eq#90
A201: {=NI!A91=1000000000000000} -> FALSE | B201: =IF(ISERROR(A201),ERROR.TYPE(A201),IF(ISNUMBER(A201),0,IF(ISLOGICAL(A201),IF(A201,-1,-2),IF(ISTEXT(A201),-3,-4)))) -> -2 | C201: =IF(ISNUMBER(A201),A201,0) -> 0 | D201: =IF(ISTEXT(A201),A201,"") | E201: eq#91
A202: {=NI!A92=1000000000000000} -> FALSE | B202: =IF(ISERROR(A202),ERROR.TYPE(A202),IF(ISNUMBER(A202),0,IF(ISLOGICAL(A202),IF(A202,-1,-2),IF(ISTEXT(A202),-3,-4)))) -> -2 | C202: =IF(ISNUMBER(A202),A202,0) -> 0 | D202: =IF(ISTEXT(A202),A202,"") | E202: eq#92
A203: {=NI!A93=1000000000000000} -> FALSE | B203: =IF(ISERROR(A203),ERROR.TYPE(A203),IF(ISNUMBER(A203),0,IF(ISLOGICAL(A203),IF(A203,-1,-2),IF(ISTEXT(A203),-3,-4)))) -> -2 | C203: =IF(ISNUMBER(A203),A203,0) -> 0 | D203: =IF(ISTEXT(A203),A203,"") | E203: eq#93
A204: {=NI!A94=1000000000000000} -> FALSE | B204: =IF(ISERROR(A204),ERROR.TYPE(A204),IF(ISNUMBER(A204),0,IF(ISLOGICAL(A204),IF(A204,-1,-2),IF(ISTEXT(A204),-3,-4)))) -> -2 | C204: =IF(ISNUMBER(A204),A204,0) -> 0 | D204: =IF(ISTEXT(A204),A204,"") | E204: eq#94
A205: {=NI!A95=1000000000000000} -> FALSE | B205: =IF(ISERROR(A205),ERROR.TYPE(A205),IF(ISNUMBER(A205),0,IF(ISLOGICAL(A205),IF(A205,-1,-2),IF(ISTEXT(A205),-3,-4)))) -> -2 | C205: =IF(ISNUMBER(A205),A205,0) -> 0 | D205: =IF(ISTEXT(A205),A205,"") | E205: eq#95
A206: {=NI!A96=1000000000000000} -> FALSE | B206: =IF(ISERROR(A206),ERROR.TYPE(A206),IF(ISNUMBER(A206),0,IF(ISLOGICAL(A206),IF(A206,-1,-2),IF(ISTEXT(A206),-3,-4)))) -> -2 | C206: =IF(ISNUMBER(A206),A206,0) -> 0 | D206: =IF(ISTEXT(A206),A206,"") | E206: eq#96
A207: {=NI!A97=1000000000000000} -> FALSE | B207: =IF(ISERROR(A207),ERROR.TYPE(A207),IF(ISNUMBER(A207),0,IF(ISLOGICAL(A207),IF(A207,-1,-2),IF(ISTEXT(A207),-3,-4)))) -> -2 | C207: =IF(ISNUMBER(A207),A207,0) -> 0 | D207: =IF(ISTEXT(A207),A207,"") | E207: eq#97
... A212: {=NI!A102=1000000000000000} -> FALSE | B212: =IF(ISERROR(A212),ERROR.TYPE(A212),IF(ISNUMBER(A212),0,IF(ISLOGICAL(A212),IF(A212,-1,-2),IF(ISTEXT(A212),-3,-4)))) -> -2 | C212: =IF(ISNUMBER(A212),A212,0) -> 0 | D212: =IF(ISTEXT(A212),A212,"") | E212: eq#102
A213: {=NI!A103=45688} -> TRUE | B213: =IF(ISERROR(A213),ERROR.TYPE(A213),IF(ISNUMBER(A213),0,IF(ISLOGICAL(A213),IF(A213,-1,-2),IF(ISTEXT(A213),-3,-4)))) -> -1 | C213: =IF(ISNUMBER(A213),A213,0) -> 0 | D213: =IF(ISTEXT(A213),A213,"") | E213: eq#103
A214: {=NI!A104=45688} -> TRUE | B214: =IF(ISERROR(A214),ERROR.TYPE(A214),IF(ISNUMBER(A214),0,IF(ISLOGICAL(A214),IF(A214,-1,-2),IF(ISTEXT(A214),-3,-4)))) -> -1 | C214: =IF(ISNUMBER(A214),A214,0) -> 0 | D214: =IF(ISTEXT(A214),A214,"") | E214: eq#104
A215: {=NI!A105=45688} -> TRUE | B215: =IF(ISERROR(A215),ERROR.TYPE(A215),IF(ISNUMBER(A215),0,IF(ISLOGICAL(A215),IF(A215,-1,-2),IF(ISTEXT(A215),-3,-4)))) -> -1 | C215: =IF(ISNUMBER(A215),A215,0) -> 0 | D215: =IF(ISTEXT(A215),A215,"") | E215: eq#105
A216: {=NI!A106=45688} -> TRUE | B216: =IF(ISERROR(A216),ERROR.TYPE(A216),IF(ISNUMBER(A216),0,IF(ISLOGICAL(A216),IF(A216,-1,-2),IF(ISTEXT(A216),-3,-4)))) -> -1 | C216: =IF(ISNUMBER(A216),A216,0) -> 0 | D216: =IF(ISTEXT(A216),A216,"") | E216: eq#106
A217: {=NI!A107=45688} -> FALSE | B217: =IF(ISERROR(A217),ERROR.TYPE(A217),IF(ISNUMBER(A217),0,IF(ISLOGICAL(A217),IF(A217,-1,-2),IF(ISTEXT(A217),-3,-4)))) -> -2 | C217: =IF(ISNUMBER(A217),A217,0) -> 0 | D217: =IF(ISTEXT(A217),A217,"") | E217: eq#107
A218: {=NI!A108=45688} -> FALSE | B218: =IF(ISERROR(A218),ERROR.TYPE(A218),IF(ISNUMBER(A218),0,IF(ISLOGICAL(A218),IF(A218,-1,-2),IF(ISTEXT(A218),-3,-4)))) -> -2 | C218: =IF(ISNUMBER(A218),A218,0) -> 0 | D218: =IF(ISTEXT(A218),A218,"") | E218: eq#108
A219: {=NI!A109=45688} -> FALSE | B219: =IF(ISERROR(A219),ERROR.TYPE(A219),IF(ISNUMBER(A219),0,IF(ISLOGICAL(A219),IF(A219,-1,-2),IF(ISTEXT(A219),-3,-4)))) -> -2 | C219: =IF(ISNUMBER(A219),A219,0) -> 0 | D219: =IF(ISTEXT(A219),A219,"") | E219: eq#109
A220: {=NI!A110=45688} -> FALSE | B220: =IF(ISERROR(A220),ERROR.TYPE(A220),IF(ISNUMBER(A220),0,IF(ISLOGICAL(A220),IF(A220,-1,-2),IF(ISTEXT(A220),-3,-4)))) -> -2 | C220: =IF(ISNUMBER(A220),A220,0) -> 0 | D220: =IF(ISTEXT(A220),A220,"") | E220: eq#110
A221: {=NI!A111=45688} -> FALSE | B221: =IF(ISERROR(A221),ERROR.TYPE(A221),IF(ISNUMBER(A221),0,IF(ISLOGICAL(A221),IF(A221,-1,-2),IF(ISTEXT(A221),-3,-4)))) -> -2 | C221: =IF(ISNUMBER(A221),A221,0) -> 0 | D221: =IF(ISTEXT(A221),A221,"") | E221: eq#111
...
