Workbook
Name ExtB: [1]Sheet1!$B$2:$B$4
Name ExtC: [1]Sheet1!$C$2:$C$4

Sheet S
A1: =COUNTIFS([1]Sheet1!B2:B4,"x") -> #VALUE! | F1: k | G1: 1
A2: =AVERAGEIF([1]Sheet1!B2:B4,"x",[1]Sheet1!C2:C4) -> #VALUE! | F2: x | G2: 1
A3: =AVERAGEIFS([1]Sheet1!C2:C4,[1]Sheet1!B2:B4,"x") -> #VALUE! | G3: 2
A4: =_xlfn.MAXIFS([1]Sheet1!C2:C4,[1]Sheet1!B2:B4,"x") -> #VALUE!
A5: =_xlfn.MINIFS([1]Sheet1!C2:C4,[1]Sheet1!B2:B4,"x") -> #VALUE!
A6: =RANK(2,[1]Sheet1!A1:A3) -> 2
A7: =_xlfn.RANK.EQ(2,[1]Sheet1!A1:A3) -> 2
A8: =SUBTOTAL(9,[1]Sheet1!A1:A3) -> 6
A9: =_xlfn.AGGREGATE(9,4,[1]Sheet1!A1:A3) -> 6
A10: =DSUM([1]Sheet1!B1:C4,"v",F1:F2) -> #VALUE!
A11: =ISTEXT(CELL("address",[1]Sheet1!A2)) -> FALSE
A12: =AREAS([1]Sheet1!A1:A3) -> 1
A13: =INDEX([1]Sheet1!A1:A3,2) -> 2
A14: =SUM(INDEX([1]Sheet1!A1:A3,2):'[1]Sheet1'!A3) -> 5
A15: =COUNTIF(G1:G3,[1]Sheet1!A1) -> 2
A16: =SUMPRODUCT(--([1]Sheet1!B2:B4="x"),[1]Sheet1!C2:C4) -> 40
A17: =COUNT([1]Sheet1!A1:C4) -> 6
A18: =N([1]Sheet1!A2) -> 2
A19: =ISNUMBER([1]Sheet1!A2) -> TRUE
A20: =LOOKUP(2,[1]Sheet1!A1:A3) -> 2
A21: =HLOOKUP("v",[1]Sheet1!B1:C4,2,FALSE) -> 10
A22: =CHOOSE(2,[1]Sheet1!A1,[1]Sheet1!A2) -> 2
A23: =SUMIF(G1:G3,1,[1]Sheet1!A1:A3) -> #VALUE!
A24: =COUNTIF([1]Sheet1!A1,1) -> #VALUE!
A25: =_xlfn.XMATCH(3,[1]Sheet1!A1:A3) -> 3
A26: =MATCH("x",[1]Sheet1!B:B,0) -> 2
A27: =SUMIF(ExtB,"x",ExtC) -> #VALUE!
A28: =SUM(ExtC) -> 60

Sheet WT
A1: {=IF(ISBLANK(S!A1),-5,IF(ISERROR(S!A1),ERROR.TYPE(S!A1),IF(ISNUMBER(S!A1),0,IF(ISLOGICAL(S!A1),IF(S!A1,-1,-2),IF(ISTEXT(S!A1),-3,-4)))))} -> 3
A2: {=IF(ISBLANK(S!A2),-5,IF(ISERROR(S!A2),ERROR.TYPE(S!A2),IF(ISNUMBER(S!A2),0,IF(ISLOGICAL(S!A2),IF(S!A2,-1,-2),IF(ISTEXT(S!A2),-3,-4)))))} -> 3
A3: {=IF(ISBLANK(S!A3),-5,IF(ISERROR(S!A3),ERROR.TYPE(S!A3),IF(ISNUMBER(S!A3),0,IF(ISLOGICAL(S!A3),IF(S!A3,-1,-2),IF(ISTEXT(S!A3),-3,-4)))))} -> 3
A4: {=IF(ISBLANK(S!A4),-5,IF(ISERROR(S!A4),ERROR.TYPE(S!A4),IF(ISNUMBER(S!A4),0,IF(ISLOGICAL(S!A4),IF(S!A4,-1,-2),IF(ISTEXT(S!A4),-3,-4)))))} -> 3
A5: {=IF(ISBLANK(S!A5),-5,IF(ISERROR(S!A5),ERROR.TYPE(S!A5),IF(ISNUMBER(S!A5),0,IF(ISLOGICAL(S!A5),IF(S!A5,-1,-2),IF(ISTEXT(S!A5),-3,-4)))))} -> 3
A6: {=IF(ISBLANK(S!A6),-5,IF(ISERROR(S!A6),ERROR.TYPE(S!A6),IF(ISNUMBER(S!A6),0,IF(ISLOGICAL(S!A6),IF(S!A6,-1,-2),IF(ISTEXT(S!A6),-3,-4)))))} -> 0
A7: {=IF(ISBLANK(S!A7),-5,IF(ISERROR(S!A7),ERROR.TYPE(S!A7),IF(ISNUMBER(S!A7),0,IF(ISLOGICAL(S!A7),IF(S!A7,-1,-2),IF(ISTEXT(S!A7),-3,-4)))))} -> 0
A8: {=IF(ISBLANK(S!A8),-5,IF(ISERROR(S!A8),ERROR.TYPE(S!A8),IF(ISNUMBER(S!A8),0,IF(ISLOGICAL(S!A8),IF(S!A8,-1,-2),IF(ISTEXT(S!A8),-3,-4)))))} -> 0
A9: {=IF(ISBLANK(S!A9),-5,IF(ISERROR(S!A9),ERROR.TYPE(S!A9),IF(ISNUMBER(S!A9),0,IF(ISLOGICAL(S!A9),IF(S!A9,-1,-2),IF(ISTEXT(S!A9),-3,-4)))))} -> 0
A10: {=IF(ISBLANK(S!A10),-5,IF(ISERROR(S!A10),ERROR.TYPE(S!A10),IF(ISNUMBER(S!A10),0,IF(ISLOGICAL(S!A10),IF(S!A10,-1,-2),IF(ISTEXT(S!A10),-3,-4)))))} -> 3
A11: {=IF(ISBLANK(S!A11),-5,IF(ISERROR(S!A11),ERROR.TYPE(S!A11),IF(ISNUMBER(S!A11),0,IF(ISLOGICAL(S!A11),IF(S!A11,-1,-2),IF(ISTEXT(S!A11),-3,-4)))))} -> -2
A12: {=IF(ISBLANK(S!A12),-5,IF(ISERROR(S!A12),ERROR.TYPE(S!A12),IF(ISNUMBER(S!A12),0,IF(ISLOGICAL(S!A12),IF(S!A12,-1,-2),IF(ISTEXT(S!A12),-3,-4)))))} -> 0
... A28: {=IF(ISBLANK(S!A28),-5,IF(ISERROR(S!A28),ERROR.TYPE(S!A28),IF(ISNUMBER(S!A28),0,IF(ISLOGICAL(S!A28),IF(S!A28,-1,-2),IF(ISTEXT(S!A28),-3,-4)))))} -> 0

Sheet WN
A1: {=IF(ISNUMBER(S!A1),S!A1,0)} -> 0
A2: {=IF(ISNUMBER(S!A2),S!A2,0)} -> 0
A3: {=IF(ISNUMBER(S!A3),S!A3,0)} -> 0
A4: {=IF(ISNUMBER(S!A4),S!A4,0)} -> 0
A5: {=IF(ISNUMBER(S!A5),S!A5,0)} -> 0
A6: {=IF(ISNUMBER(S!A6),S!A6,0)} -> 2
A7: {=IF(ISNUMBER(S!A7),S!A7,0)} -> 2
A8: {=IF(ISNUMBER(S!A8),S!A8,0)} -> 6
A9: {=IF(ISNUMBER(S!A9),S!A9,0)} -> 6
A10: {=IF(ISNUMBER(S!A10),S!A10,0)} -> 0
A11: {=IF(ISNUMBER(S!A11),S!A11,0)} -> 0
A12: {=IF(ISNUMBER(S!A12),S!A12,0)} -> 1
... A28: {=IF(ISNUMBER(S!A28),S!A28,0)} -> 60

Sheet WX
A1: {=IF(ISTEXT(S!A1),S!A1,"")}
A2: {=IF(ISTEXT(S!A2),S!A2,"")}
A3: {=IF(ISTEXT(S!A3),S!A3,"")}
A4: {=IF(ISTEXT(S!A4),S!A4,"")}
A5: {=IF(ISTEXT(S!A5),S!A5,"")}
A6: {=IF(ISTEXT(S!A6),S!A6,"")}
A7: {=IF(ISTEXT(S!A7),S!A7,"")}
A8: {=IF(ISTEXT(S!A8),S!A8,"")}
A9: {=IF(ISTEXT(S!A9),S!A9,"")}
A10: {=IF(ISTEXT(S!A10),S!A10,"")}
A11: {=IF(ISTEXT(S!A11),S!A11,"")}
A12: {=IF(ISTEXT(S!A12),S!A12,"")}
... A28: {=IF(ISTEXT(S!A28),S!A28,"")}
