Workbook

Sheet S
A1: =[1]Sheet1!A9 -> #REF! | C1: =[1]Sheet1!A1 -> 1 | D1: =[1]Sheet1!B1 -> b
A2: =SUM([1]Sheet1!A:A) -> #REF!
A3: =[1]Sheet1!A1 -> 1
C5: =[1]Sheet1!A3 -> 3

Sheet Sheet1
A1: 1000

Sheet T
A1: 1
A3: =[1]Sheet1!A2 -> 2

Sheet WT
A1: {=IF(ISBLANK(S!A1),-5,IF(ISERROR(S!A1),ERROR.TYPE(S!A1),IF(ISNUMBER(S!A1),0,IF(ISLOGICAL(S!A1),IF(S!A1,-1,-2),IF(ISTEXT(S!A1),-3,-4)))))} -> 4
A2: {=IF(ISBLANK(S!A2),-5,IF(ISERROR(S!A2),ERROR.TYPE(S!A2),IF(ISNUMBER(S!A2),0,IF(ISLOGICAL(S!A2),IF(S!A2,-1,-2),IF(ISTEXT(S!A2),-3,-4)))))} -> 4
A3: {=IF(ISBLANK(S!A3),-5,IF(ISERROR(S!A3),ERROR.TYPE(S!A3),IF(ISNUMBER(S!A3),0,IF(ISLOGICAL(S!A3),IF(S!A3,-1,-2),IF(ISTEXT(S!A3),-3,-4)))))} -> 0
A4: {=IF(ISBLANK(S!C1),-5,IF(ISERROR(S!C1),ERROR.TYPE(S!C1),IF(ISNUMBER(S!C1),0,IF(ISLOGICAL(S!C1),IF(S!C1,-1,-2),IF(ISTEXT(S!C1),-3,-4)))))} -> 0 | B4: {=IF(ISBLANK(S!D1),-5,IF(ISERROR(S!D1),ERROR.TYPE(S!D1),IF(ISNUMBER(S!D1),0,IF(ISLOGICAL(S!D1),IF(S!D1,-1,-2),IF(ISTEXT(S!D1),-3,-4)))))} -> -3
A5: {=IF(ISBLANK(S!C2),-5,IF(ISERROR(S!C2),ERROR.TYPE(S!C2),IF(ISNUMBER(S!C2),0,IF(ISLOGICAL(S!C2),IF(S!C2,-1,-2),IF(ISTEXT(S!C2),-3,-4)))))} -> -5 | B5: {=IF(ISBLANK(S!D2),-5,IF(ISERROR(S!D2),ERROR.TYPE(S!D2),IF(ISNUMBER(S!D2),0,IF(ISLOGICAL(S!D2),IF(S!D2,-1,-2),IF(ISTEXT(S!D2),-3,-4)))))} -> -5
A6: {=IF(ISBLANK(S!C3),-5,IF(ISERROR(S!C3),ERROR.TYPE(S!C3),IF(ISNUMBER(S!C3),0,IF(ISLOGICAL(S!C3),IF(S!C3,-1,-2),IF(ISTEXT(S!C3),-3,-4)))))} -> -5 | B6: {=IF(ISBLANK(S!D3),-5,IF(ISERROR(S!D3),ERROR.TYPE(S!D3),IF(ISNUMBER(S!D3),0,IF(ISLOGICAL(S!D3),IF(S!D3,-1,-2),IF(ISTEXT(S!D3),-3,-4)))))} -> -5
A7: {=IF(ISBLANK(S!C4),-5,IF(ISERROR(S!C4),ERROR.TYPE(S!C4),IF(ISNUMBER(S!C4),0,IF(ISLOGICAL(S!C4),IF(S!C4,-1,-2),IF(ISTEXT(S!C4),-3,-4)))))} -> -5 | B7: {=IF(ISBLANK(S!D4),-5,IF(ISERROR(S!D4),ERROR.TYPE(S!D4),IF(ISNUMBER(S!D4),0,IF(ISLOGICAL(S!D4),IF(S!D4,-1,-2),IF(ISTEXT(S!D4),-3,-4)))))} -> -5
A8: {=IF(ISBLANK(S!C5),-5,IF(ISERROR(S!C5),ERROR.TYPE(S!C5),IF(ISNUMBER(S!C5),0,IF(ISLOGICAL(S!C5),IF(S!C5,-1,-2),IF(ISTEXT(S!C5),-3,-4)))))} -> 0 | B8: {=IF(ISBLANK(S!D5),-5,IF(ISERROR(S!D5),ERROR.TYPE(S!D5),IF(ISNUMBER(S!D5),0,IF(ISLOGICAL(S!D5),IF(S!D5,-1,-2),IF(ISTEXT(S!D5),-3,-4)))))} -> -5
A9: {=IF(ISBLANK(S!C6),-5,IF(ISERROR(S!C6),ERROR.TYPE(S!C6),IF(ISNUMBER(S!C6),0,IF(ISLOGICAL(S!C6),IF(S!C6,-1,-2),IF(ISTEXT(S!C6),-3,-4)))))} -> -5 | B9: {=IF(ISBLANK(S!D6),-5,IF(ISERROR(S!D6),ERROR.TYPE(S!D6),IF(ISNUMBER(S!D6),0,IF(ISLOGICAL(S!D6),IF(S!D6,-1,-2),IF(ISTEXT(S!D6),-3,-4)))))} -> -5
A10: {=IF(ISBLANK(S!C7),-5,IF(ISERROR(S!C7),ERROR.TYPE(S!C7),IF(ISNUMBER(S!C7),0,IF(ISLOGICAL(S!C7),IF(S!C7,-1,-2),IF(ISTEXT(S!C7),-3,-4)))))} -> -5 | B10: {=IF(ISBLANK(S!D7),-5,IF(ISERROR(S!D7),ERROR.TYPE(S!D7),IF(ISNUMBER(S!D7),0,IF(ISLOGICAL(S!D7),IF(S!D7,-1,-2),IF(ISTEXT(S!D7),-3,-4)))))} -> -5
A11: {=IF(ISBLANK(S!C8),-5,IF(ISERROR(S!C8),ERROR.TYPE(S!C8),IF(ISNUMBER(S!C8),0,IF(ISLOGICAL(S!C8),IF(S!C8,-1,-2),IF(ISTEXT(S!C8),-3,-4)))))} -> -5 | B11: {=IF(ISBLANK(S!D8),-5,IF(ISERROR(S!D8),ERROR.TYPE(S!D8),IF(ISNUMBER(S!D8),0,IF(ISLOGICAL(S!D8),IF(S!D8,-1,-2),IF(ISTEXT(S!D8),-3,-4)))))} -> -5
A12: {=IF(ISBLANK(S!C9),-5,IF(ISERROR(S!C9),ERROR.TYPE(S!C9),IF(ISNUMBER(S!C9),0,IF(ISLOGICAL(S!C9),IF(S!C9,-1,-2),IF(ISTEXT(S!C9),-3,-4)))))} -> -5 | B12: {=IF(ISBLANK(S!D9),-5,IF(ISERROR(S!D9),ERROR.TYPE(S!D9),IF(ISNUMBER(S!D9),0,IF(ISLOGICAL(S!D9),IF(S!D9,-1,-2),IF(ISTEXT(S!D9),-3,-4)))))} -> -5
A13: {=IF(ISBLANK(S!C10),-5,IF(ISERROR(S!C10),ERROR.TYPE(S!C10),IF(ISNUMBER(S!C10),0,IF(ISLOGICAL(S!C10),IF(S!C10,-1,-2),IF(ISTEXT(S!C10),-3,-4)))))} -> -5 | B13: {=IF(ISBLANK(S!D10),-5,IF(ISERROR(S!D10),ERROR.TYPE(S!D10),IF(ISNUMBER(S!D10),0,IF(ISLOGICAL(S!D10),IF(S!D10,-1,-2),IF(ISTEXT(S!D10),-3,-4)))))} -> -5

Sheet WN
A1: {=IF(ISNUMBER(S!A1),S!A1,0)} -> 0
A2: {=IF(ISNUMBER(S!A2),S!A2,0)} -> 0
A3: {=IF(ISNUMBER(S!A3),S!A3,0)} -> 1
A4: {=IF(ISNUMBER(S!C1),S!C1,0)} -> 1 | B4: {=IF(ISNUMBER(S!D1),S!D1,0)} -> 0
A5: {=IF(ISNUMBER(S!C2),S!C2,0)} -> 0 | B5: {=IF(ISNUMBER(S!D2),S!D2,0)} -> 0
A6: {=IF(ISNUMBER(S!C3),S!C3,0)} -> 0 | B6: {=IF(ISNUMBER(S!D3),S!D3,0)} -> 0
A7: {=IF(ISNUMBER(S!C4),S!C4,0)} -> 0 | B7: {=IF(ISNUMBER(S!D4),S!D4,0)} -> 0
A8: {=IF(ISNUMBER(S!C5),S!C5,0)} -> 3 | B8: {=IF(ISNUMBER(S!D5),S!D5,0)} -> 0
A9: {=IF(ISNUMBER(S!C6),S!C6,0)} -> 0 | B9: {=IF(ISNUMBER(S!D6),S!D6,0)} -> 0
A10: {=IF(ISNUMBER(S!C7),S!C7,0)} -> 0 | B10: {=IF(ISNUMBER(S!D7),S!D7,0)} -> 0
A11: {=IF(ISNUMBER(S!C8),S!C8,0)} -> 0 | B11: {=IF(ISNUMBER(S!D8),S!D8,0)} -> 0
A12: {=IF(ISNUMBER(S!C9),S!C9,0)} -> 0 | B12: {=IF(ISNUMBER(S!D9),S!D9,0)} -> 0
A13: {=IF(ISNUMBER(S!C10),S!C10,0)} -> 0 | B13: {=IF(ISNUMBER(S!D10),S!D10,0)} -> 0

Sheet WX
A1: {=IF(ISTEXT(S!A1),S!A1,"")}
A2: {=IF(ISTEXT(S!A2),S!A2,"")}
A3: {=IF(ISTEXT(S!A3),S!A3,"")}
A4: {=IF(ISTEXT(S!C1),S!C1,"")} | B4: {=IF(ISTEXT(S!D1),S!D1,"")} -> b
A5: {=IF(ISTEXT(S!C2),S!C2,"")} | B5: {=IF(ISTEXT(S!D2),S!D2,"")}
A6: {=IF(ISTEXT(S!C3),S!C3,"")} | B6: {=IF(ISTEXT(S!D3),S!D3,"")}
A7: {=IF(ISTEXT(S!C4),S!C4,"")} | B7: {=IF(ISTEXT(S!D4),S!D4,"")}
A8: {=IF(ISTEXT(S!C5),S!C5,"")} | B8: {=IF(ISTEXT(S!D5),S!D5,"")}
A9: {=IF(ISTEXT(S!C6),S!C6,"")} | B9: {=IF(ISTEXT(S!D6),S!D6,"")}
A10: {=IF(ISTEXT(S!C7),S!C7,"")} | B10: {=IF(ISTEXT(S!D7),S!D7,"")}
A11: {=IF(ISTEXT(S!C8),S!C8,"")} | B11: {=IF(ISTEXT(S!D8),S!D8,"")}
A12: {=IF(ISTEXT(S!C9),S!C9,"")} | B12: {=IF(ISTEXT(S!D9),S!D9,"")}
A13: {=IF(ISTEXT(S!C10),S!C10,"")} | B13: {=IF(ISTEXT(S!D10),S!D10,"")}
